date,run_km,run_duration_min,run_count,bike_km,bike_duration_min,bike_count,total_training_duration_min,activity_count
2022-07-21,0.171,1.3,2,0.0,0.0,0,6.78,3
2022-07-22,7.766,38.24,3,0.0,0.0,0,39.75,4
2022-07-25,6.278,29.53,1,0.0,0.0,0,29.53,1
2022-07-28,7.532,42.1,3,0.0,0.0,0,42.1,3
2022-07-31,0.0,0.0,0,0.0,0.0,0,58.89,2
2022-08-01,7.194,45.51,2,0.0,0.0,0,94.14,4
2022-08-02,6.293,35.07,2,0.0,0.0,0,114.5,5
2022-08-03,0.0,0.0,0,21.064,87.52,2,87.74,3
2022-08-04,6.874,32.65,3,0.0,0.09,1,52.41,10
2022-08-05,0.0,0.0,0,2.342,21.47,1,122.73,3
2022-08-06,0.0,0.0,0,15.719,106.72,1,106.72,1
2022-08-07,7.094,33.49,2,0.0,0.0,0,33.49,2
2022-08-08,5.624,27.89,2,0.0,0.0,0,27.89,2
2022-08-09,5.547,27.19,2,0.0,0.0,0,27.19,2
2022-08-10,8.712,39.1,3,0.0,0.0,0,39.1,3
2022-08-12,12.103,76.81,5,0.0,0.0,0,76.81,5
2022-08-13,10.423,58.29,3,0.0,0.0,0,58.29,3
2022-08-14,6.744,31.08,2,0.0,0.0,0,31.08,2
2022-08-15,0.618,2.7,1,0.0,0.0,0,267.53,2
2022-08-18,7.776,43.82,2,0.0,0.0,0,43.82,2
2022-08-19,6.767,39.04,4,3.882,11.05,1,61.96,6
2022-08-20,0.0,0.0,0,0.0,0.0,0,2.14,1
2022-08-21,0.0,0.0,0,0.0,0.0,0,13.08,1
2022-08-22,7.919,45.25,2,0.0,0.0,0,58.01,4
2022-08-23,11.778,57.88,4,0.0,0.0,0,57.88,4
2022-08-24,6.852,39.65,2,7.919,19.9,1,73.83,5
2022-08-25,6.116,38.35,2,0.0,0.0,0,38.35,2
2022-08-26,3.456,15.3,2,0.0,0.0,0,15.3,2
2022-08-29,7.534,55.98,2,0.0,0.0,0,55.98,2
2022-08-30,4.581,23.49,1,0.0,0.0,0,23.49,1
2022-08-31,0.0,0.0,0,0.0,0.0,0,2.95,1
2022-09-01,4.09,19.17,1,0.0,0.0,0,19.17,1
2022-09-02,1.004,5.59,1,0.0,0.0,0,5.59,1
2022-09-04,8.491,38.25,2,0.0,0.0,0,38.25,2
2022-09-05,8.342,51.48,3,0.0,0.0,0,51.48,3
2022-09-06,3.645,26.17,2,0.0,0.0,0,38.07,3
2022-09-07,4.625,23.27,1,0.0,0.0,0,23.27,1
2022-09-08,8.245,58.64,3,0.0,0.0,0,58.64,3
2022-09-09,0.0,0.0,0,0.0,0.0,0,1.84,1
2022-09-11,8.352,40.15,1,0.0,0.0,0,40.15,1
2022-09-12,9.312,51.6,2,0.0,0.0,0,51.6,2
2022-09-13,3.951,19.76,1,0.0,0.0,0,19.76,1
2022-09-14,2.037,9.42,2,6.632,20.93,1,30.35,3
2022-09-15,7.963,45.36,2,8.257,25.38,1,70.74,3
2022-09-16,4.009,19.02,1,17.259,55.73,2,74.75,3
2022-09-17,1.676,9.53,1,0.0,0.0,0,9.53,1
2022-09-18,2.533,16.67,2,0.0,0.0,0,16.67,2
2022-09-19,7.497,43.33,2,8.551,25.93,1,69.26,3
2022-09-20,11.317,53.44,2,16.349,52.56,2,108.85,5
2022-09-22,2.672,14.77,1,8.03,21.97,1,36.74,2
2022-09-23,0.0,0.0,0,17.422,58.38,2,58.38,2
2022-09-24,0.0,0.0,0,0.0,0.0,0,155.93,1
2022-09-25,12.308,73.66,1,0.0,0.0,0,73.66,1
2022-10-02,23.194,146.72,1,0.0,0.0,0,146.72,1
2022-10-04,8.362,39.18,1,0.0,0.0,0,39.18,1
2022-10-05,2.0,12.97,1,0.0,0.0,0,12.97,1
2022-10-06,4.113,20.91,1,0.0,0.0,0,20.91,1
2022-10-07,7.501,41.07,2,0.0,0.0,0,41.07,2
2022-10-09,4.305,18.77,2,0.0,0.0,0,29.69,3
2022-10-10,9.233,43.04,3,0.0,0.0,0,43.04,3
2022-10-11,12.559,62.11,2,0.0,0.0,0,62.11,2
2022-10-12,6.385,54.08,2,0.0,0.0,0,94.9,4
2022-10-13,7.865,58.67,2,0.0,0.0,0,58.67,2
2022-10-14,7.125,32.9,3,0.0,0.0,0,44.89,4
2022-10-15,0.0,0.0,0,0.0,0.0,0,21.25,1
2022-10-16,9.64,48.19,3,0.0,0.0,0,48.52,4
2022-10-17,3.973,21.26,1,0.0,0.0,0,21.26,1
2022-10-18,11.155,52.77,2,0.0,0.0,0,52.77,2
2022-10-19,2.18,19.21,2,0.0,0.0,0,19.21,2
2022-10-20,2.875,17.92,2,0.0,0.0,0,17.92,2
2022-10-21,8.438,38.92,3,0.0,0.0,0,38.92,3
2022-10-23,0.0,0.0,0,0.0,0.0,0,31.49,1
2022-10-24,5.941,41.39,3,0.0,0.0,0,41.39,3
2022-10-25,12.774,60.66,2,0.0,0.0,0,70.77,3
2022-10-26,0.0,0.0,0,0.0,0.0,0,493.65,1
2022-10-27,8.308,36.54,3,0.0,0.0,0,36.54,3
2022-10-29,0.0,0.0,0,0.0,0.0,0,251.74,2
2022-10-30,0.0,0.0,0,0.0,0.0,0,240.0,1
2022-10-31,0.0,0.0,0,0.0,0.0,0,240.0,1
2022-11-01,0.0,0.0,0,0.0,0.0,0,240.0,1
2022-11-02,0.0,0.0,0,0.0,0.0,0,300.0,1
2022-11-03,1.963,10.08,2,0.0,0.0,0,10.08,2
2022-11-04,7.854,44.97,3,0.0,0.0,0,56.11,4
2022-11-06,4.616,21.34,3,0.0,0.0,0,21.34,3
2022-11-07,10.054,51.14,2,0.0,0.0,0,51.14,2
2022-11-08,12.285,57.85,2,0.0,0.0,0,57.85,2
2022-11-09,0.0,0.0,0,0.0,0.0,0,9.11,1
2022-11-10,7.866,62.83,2,0.0,0.0,0,62.83,2
2022-11-11,8.706,42.14,2,0.0,0.0,0,42.14,2
2022-11-14,8.098,37.11,2,0.0,0.0,0,37.11,2
2022-11-15,11.762,54.64,2,0.0,0.0,0,54.64,2
2022-11-17,3.965,22.77,2,0.0,0.0,0,58.93,3
2022-11-18,8.001,39.63,2,0.0,0.0,0,39.63,2
2022-11-20,12.192,53.19,2,0.0,0.0,0,53.19,2
2022-11-24,6.777,35.19,4,0.0,0.0,0,35.19,4
2022-11-25,3.031,15.53,2,0.0,0.0,0,15.53,2
2022-11-27,3.499,15.6,2,0.0,0.0,0,15.6,2
2022-11-28,7.729,40.12,2,0.0,0.0,0,40.12,2
2022-11-29,10.99,51.38,2,0.0,0.0,0,51.38,2
2022-11-30,0.0,0.0,0,0.0,0.0,0,66.32,1
2022-12-01,1.946,9.57,1,0.0,0.0,0,9.57,1
2022-12-05,8.94,44.8,2,0.0,0.0,0,74.32,3
2022-12-06,10.95,50.71,2,0.0,0.0,0,50.71,2
2022-12-07,1.58,8.12,1,0.0,0.0,0,8.12,1
2022-12-09,0.0,0.0,0,0.0,0.0,0,34.4,1
2022-12-12,6.395,32.24,2,0.0,0.0,0,32.24,2
2022-12-13,10.822,57.28,2,0.0,0.0,0,57.28,2
2022-12-22,2.946,17.5,1,0.0,0.0,0,17.5,1
2022-12-23,4.02,25.17,1,0.0,0.0,0,25.17,1
2022-12-25,0.0,0.0,0,0.0,0.0,0,35.92,2
2022-12-28,9.593,55.42,2,0.0,0.0,0,55.42,2
2022-12-30,8.741,52.57,1,0.0,0.0,0,52.57,1
2023-01-01,8.657,48.86,1,0.0,0.0,0,58.89,2
2023-01-05,7.021,39.23,2,0.0,0.0,0,39.23,2
2023-01-08,0.0,0.0,0,0.0,0.0,0,13.8,1
2023-01-09,8.28,42.48,2,0.0,0.0,0,59.13,3
2023-01-10,11.237,54.52,3,0.0,0.0,0,54.52,3
2023-01-11,6.678,40.45,2,0.0,0.0,0,53.98,4
2023-01-12,9.141,46.16,2,0.0,0.0,0,76.96,3
2023-01-15,0.0,0.0,0,0.0,0.0,0,13.77,1
2023-01-16,5.102,26.97,2,0.0,0.0,0,43.65,3
2023-01-18,6.524,30.05,1,0.0,0.0,0,52.98,2
2023-01-22,7.991,40.28,3,0.0,0.0,0,40.28,3
2023-01-23,10.876,60.18,3,0.0,0.0,0,79.36,4
2023-01-24,8.887,41.61,2,0.0,0.0,0,59.25,3
2023-01-25,6.755,41.99,3,0.0,0.0,0,41.99,3
2023-01-26,0.0,0.0,0,0.0,0.0,0,22.7,1
2023-01-30,10.385,49.22,3,0.0,0.0,0,65.77,4
2023-01-31,6.463,31.94,2,0.0,0.0,0,31.94,2
2023-02-12,0.0,0.0,0,0.0,0.0,0,14.82,1
2023-02-16,0.0,0.0,0,0.0,0.0,0,60.92,1
2023-02-20,7.597,46.57,1,0.0,0.0,0,46.57,1
2023-02-22,0.0,0.0,0,0.0,0.0,0,16.7,1
2023-02-23,3.753,19.44,2,0.0,0.0,0,28.09,3
2023-02-24,5.622,29.99,1,0.0,0.0,0,29.99,1
2023-02-27,5.215,23.31,3,0.0,0.0,0,23.31,3
2023-02-28,9.154,44.52,4,0.0,0.0,0,60.25,5
2023-03-01,0.0,0.0,0,0.0,0.0,0,34.11,1
2023-03-02,0.772,4.1,1,0.0,0.0,0,4.1,1
2023-03-03,1.901,9.7,1,0.0,0.0,0,20.89,2
2023-03-05,0.0,0.0,0,0.0,0.0,0,5.36,1
2023-03-09,8.51,53.31,1,0.0,0.0,0,53.31,1
2023-03-13,4.972,27.75,2,0.0,0.0,0,43.21,3
2023-03-14,1.959,10.18,2,0.0,0.0,0,10.18,2
2023-03-15,8.062,42.39,1,0.0,0.0,0,60.87,2
2023-03-16,14.46,67.8,3,0.0,0.0,0,67.8,3
2023-03-17,6.948,36.09,3,0.0,0.0,0,36.09,3
2023-03-18,5.898,35.52,1,0.0,0.0,0,35.52,1
2023-03-20,8.234,41.31,3,0.0,0.0,0,41.31,3
2023-03-21,12.025,57.76,2,0.0,0.0,0,73.93,3
2023-03-22,0.725,5.17,1,0.0,0.0,0,25.47,3
2023-03-23,9.673,49.13,3,0.0,0.0,0,49.13,3
2023-03-24,4.127,22.97,2,0.0,0.0,0,32.99,3
2023-03-25,7.901,44.34,1,0.0,0.0,0,53.13,2
2023-03-27,7.354,37.34,3,0.0,0.0,0,79.1,4
2023-03-28,5.028,26.49,2,0.0,0.0,0,26.49,2
2023-03-29,9.93,47.68,3,0.0,0.0,0,47.68,3
2023-03-30,7.064,38.42,3,0.0,0.0,0,38.42,3
2023-03-31,0.0,0.0,0,0.0,0.0,0,46.3,1
2023-04-01,4.69,19.74,2,0.0,0.0,0,19.74,2
2023-04-03,4.542,24.37,2,0.0,0.0,0,24.37,2
2023-04-04,8.84,41.39,2,0.0,0.0,0,49.15,3
2023-04-05,11.593,55.54,5,0.0,0.0,0,74.68,6
2023-04-06,12.794,72.47,3,0.0,0.0,0,85.12,4
2023-04-07,1.537,7.77,2,0.0,0.0,0,7.77,2
2023-04-08,7.299,42.5,1,0.0,0.0,0,42.5,1
2023-04-11,13.508,69.06,4,0.0,0.0,0,69.06,4
2023-04-12,7.162,35.54,2,0.0,0.0,0,46.21,3
2023-04-13,0.0,0.0,0,0.0,0.0,0,10.17,1
2023-04-14,6.269,31.75,3,0.0,0.0,0,44.44,4
2023-04-16,0.0,0.0,0,0.0,0.0,0,25.96,1
2023-04-17,9.27,44.26,3,0.0,0.0,0,54.66,4
2023-04-18,7.858,38.04,3,0.0,0.0,0,38.04,3
2023-04-19,2.302,12.16,2,0.0,0.0,0,12.16,2
2023-04-20,6.391,42.43,4,0.0,0.0,0,53.4,5
2023-04-21,6.762,39.58,2,0.0,0.0,0,64.07,3
2023-04-22,10.517,55.52,1,0.0,0.0,0,101.05,3
2023-04-24,8.339,41.88,3,0.0,0.0,0,41.88,3
2023-04-25,7.828,44.19,3,0.0,0.0,0,51.33,4
2023-04-26,2.592,14.19,2,0.0,0.0,0,26.08,3
2023-04-27,7.102,47.43,3,0.0,0.0,0,79.24,6
2023-04-28,5.811,26.34,2,0.0,0.0,0,38.5,3
2023-04-29,2.984,13.96,3,0.0,0.0,0,13.96,3
2023-04-30,0.0,0.0,0,0.0,0.0,0,43.55,1
2023-05-01,5.39,23.0,2,0.0,0.0,0,49.93,3
2023-05-03,2.822,14.82,1,0.0,0.0,0,14.82,1
2023-05-04,11.906,57.12,3,0.0,0.0,0,77.43,4
2023-05-05,9.719,48.1,3,0.0,0.0,0,55.78,4
2023-05-06,6.033,33.47,1,0.0,0.0,0,33.47,1
2023-05-07,13.69,68.59,2,0.0,0.0,0,114.56,4
2023-05-08,12.548,59.8,3,0.0,0.0,0,67.48,4
2023-05-09,9.883,47.05,3,0.0,0.0,0,47.05,3
2023-05-10,0.0,0.0,0,0.0,0.0,0,48.55,2
2023-05-11,8.474,45.35,1,0.0,0.0,0,71.27,2
2023-05-12,4.998,31.69,3,0.0,0.0,0,51.54,4
2023-05-13,5.115,24.48,3,0.0,0.0,0,34.32,4
2023-05-14,11.341,58.49,1,0.0,0.0,0,104.43,3
2023-05-15,10.574,48.55,3,0.0,0.0,0,48.55,3
2023-05-16,0.0,0.0,0,0.0,0.0,0,54.03,2
2023-05-17,10.112,50.49,3,0.0,0.0,0,87.84,5
2023-05-18,4.687,28.12,2,0.0,0.0,0,39.16,3
2023-05-19,4.535,25.66,2,0.0,0.0,0,28.83,3
2023-05-21,8.905,48.73,1,0.0,0.0,0,90.24,3
2023-05-22,11.805,59.78,4,0.0,0.0,0,95.03,6
2023-05-23,3.797,20.91,2,0.0,0.0,0,58.86,3
2023-05-24,7.514,57.47,3,0.0,0.0,0,86.73,4
2023-05-25,4.835,32.99,3,0.0,0.0,0,42.34,4
2023-05-26,8.369,40.84,3,0.0,0.0,0,98.09,5
2023-05-27,5.721,27.53,3,0.0,0.0,0,27.53,3
2023-05-28,7.827,36.54,3,0.0,0.0,0,36.54,3
2023-05-29,6.183,35.01,2,0.0,0.0,0,43.45,3
2023-05-30,5.712,29.99,2,0.0,0.0,0,66.33,3
2023-05-31,7.132,46.97,3,0.0,0.0,0,95.34,5
2023-06-01,8.169,48.56,4,0.0,0.0,0,48.56,4
2023-06-02,7.015,37.8,1,0.0,0.0,0,56.12,2
2023-06-03,13.733,72.04,2,0.0,0.0,0,72.04,2
2023-06-04,0.0,0.0,0,0.0,0.0,0,33.2,1
2023-06-05,11.177,54.62,4,0.0,0.0,0,76.28,5
2023-06-06,4.966,26.41,2,0.0,0.0,0,56.44,4
2023-06-07,9.31,51.19,3,0.0,0.0,0,51.19,3
2023-06-08,13.75,69.8,3,0.0,0.0,0,96.57,4
2023-06-09,8.414,47.6,3,0.0,0.0,0,47.6,3
2023-06-10,0.0,0.0,0,0.0,0.0,0,31.33,1
2023-06-12,8.035,40.88,2,0.0,0.0,0,84.19,3
2023-06-13,5.55,26.69,3,0.0,0.0,0,26.69,3
2023-06-14,3.686,21.62,2,0.0,0.0,0,62.15,3
2023-06-15,5.945,38.52,3,0.0,0.0,0,91.48,5
2023-06-16,7.308,37.59,1,0.0,0.0,0,60.43,3
2023-06-17,0.0,0.0,0,25.836,133.73,1,133.73,1
2023-06-18,0.0,0.0,0,21.213,114.82,1,114.82,1
2023-06-19,11.204,55.04,2,0.0,0.0,0,95.09,4
2023-06-20,9.232,54.55,3,0.0,0.0,0,84.51,5
2023-06-21,7.42,57.14,3,0.0,0.0,0,73.81,4
2023-06-22,7.704,53.61,3,0.0,0.0,0,53.61,3
2023-06-23,0.0,0.0,0,0.0,0.0,0,8.68,1
2023-06-24,11.688,64.99,3,3.094,15.23,1,134.5,6
2023-06-25,0.0,0.0,0,0.0,0.0,0,141.9,1
2023-06-26,8.657,44.82,3,0.0,0.0,0,87.94,5
2023-06-27,3.914,20.68,2,0.0,0.0,0,47.08,4
2023-06-28,8.224,61.92,3,0.0,0.0,0,77.48,4
2023-06-29,8.427,45.04,3,0.0,0.0,0,92.16,5
2023-06-30,6.426,35.0,1,0.0,0.0,0,42.45,2
2023-07-01,13.463,71.0,1,0.0,0.0,0,101.98,3
2023-07-02,0.691,3.72,1,0.0,0.0,0,3.72,1
2023-07-03,11.456,53.46,4,0.0,0.0,0,92.03,6
2023-07-04,14.47,76.9,2,0.0,0.0,0,98.13,4
2023-07-05,8.58,65.39,3,0.0,0.0,0,72.05,4
2023-07-06,6.647,46.94,3,0.0,0.0,0,81.16,5
2023-07-07,6.312,36.6,1,0.0,0.0,0,36.6,1
2023-07-08,11.479,62.56,1,0.0,0.0,0,62.56,1
2023-07-09,0.0,0.0,0,0.0,0.0,0,43.09,3
2023-07-10,9.447,48.33,2,0.0,0.0,0,48.33,2
2023-07-11,3.821,19.35,2,0.0,0.0,0,19.35,2
2023-07-13,5.838,31.26,3,0.0,0.0,0,60.9,5
2023-07-14,6.902,36.12,1,0.0,0.0,0,36.12,1
2023-07-15,13.315,71.42,5,0.0,0.0,0,131.34,6
2023-07-16,0.0,0.0,0,0.0,0.0,0,139.45,1
2023-07-17,7.663,38.3,3,0.0,0.0,0,57.0,5
2023-07-18,8.026,47.08,3,0.0,0.0,0,64.98,4
2023-07-19,8.788,68.95,2,0.0,0.0,0,78.97,3
2023-07-20,6.536,37.34,1,0.0,0.0,0,49.39,2
2023-07-21,8.66,39.93,3,0.0,0.0,0,44.23,4
2023-07-22,14.682,77.64,1,0.0,0.0,0,77.64,1
2023-07-23,0.0,0.0,0,0.0,0.0,0,16.0,1
2023-07-24,8.386,43.77,1,0.0,0.0,0,62.05,3
2023-07-25,6.492,36.3,1,0.0,0.0,0,52.73,2
2023-07-26,9.878,51.22,3,0.0,0.0,0,51.22,3
2023-07-27,9.363,47.39,1,0.0,0.0,0,93.18,3
2023-07-28,11.289,53.73,3,0.0,0.0,0,71.42,4
2023-07-29,16.305,82.49,1,0.0,0.0,0,100.24,2
2023-07-30,0.0,0.0,0,0.0,0.0,0,16.55,1
2023-07-31,4.829,25.2,3,0.0,0.0,0,32.92,4
2023-08-01,10.188,47.23,3,0.0,0.0,0,53.89,4
2023-08-02,8.536,60.89,3,0.0,0.0,0,60.89,3
2023-08-03,3.079,15.65,1,0.0,0.0,0,24.45,2
2023-08-04,5.31,32.64,1,0.0,0.0,0,56.9,2
2023-08-05,0.0,0.0,0,0.0,0.0,0,25.42,1
2023-08-06,9.091,51.96,2,0.0,0.0,0,51.96,2
2023-08-07,9.079,61.27,4,0.0,0.0,0,61.27,4
2023-08-08,12.384,64.64,4,0.0,0.0,0,93.45,6
2023-08-09,6.686,39.43,4,0.0,0.0,0,73.41,6
2023-08-10,8.125,56.67,2,0.0,0.0,0,61.82,3
2023-08-11,17.575,97.21,5,0.0,0.0,0,141.32,8
2023-08-12,12.065,65.96,6,0.0,0.0,0,65.96,6
2023-08-13,9.985,64.01,5,0.0,0.0,0,64.01,5
2023-08-15,5.888,39.22,1,0.0,0.0,0,39.22,1
2023-08-16,8.926,51.59,1,0.0,0.0,0,169.14,3
2023-08-18,0.0,0.0,0,0.0,0.0,0,48.47,1
2023-08-19,12.714,65.41,3,0.0,0.0,0,65.41,3
2023-08-21,9.461,46.73,3,0.0,0.0,0,46.73,3
2023-08-22,6.271,36.09,2,0.0,0.0,0,50.04,3
2023-08-23,8.125,45.84,2,0.0,0.0,0,90.51,4
2023-08-24,5.939,27.69,3,0.0,0.0,0,27.69,3
2023-08-25,6.833,37.35,3,0.0,0.0,0,70.09,4
2023-08-26,17.011,91.27,1,0.0,0.0,0,91.27,1
2023-08-28,5.036,24.58,2,0.0,0.0,0,40.04,3
2023-08-29,10.75,51.4,2,0.0,0.0,0,51.4,2
2023-08-30,8.516,49.28,3,0.0,0.0,0,65.79,4
2023-08-31,11.121,63.41,3,0.0,0.0,0,91.15,4
2023-09-01,3.761,20.63,2,0.0,0.0,0,23.84,3
2023-09-03,9.133,39.28,4,0.0,0.0,0,39.28,4
2023-09-04,6.74,37.8,1,0.0,0.0,0,37.8,1
2023-09-05,7.884,37.51,2,0.0,0.0,0,52.38,3
2023-09-06,13.767,69.83,5,0.0,0.0,0,103.75,7
2023-09-07,10.266,43.18,3,0.0,0.0,0,43.18,3
2023-09-08,3.126,15.87,2,0.0,0.0,0,37.67,3
2023-09-09,5.245,24.36,3,0.0,0.0,0,24.36,3
2023-09-10,6.66,29.25,3,0.0,0.0,0,35.45,4
2023-09-11,7.624,45.82,3,0.0,0.0,0,68.82,4
2023-09-12,9.392,47.21,2,0.0,0.0,0,69.39,3
2023-09-13,8.894,53.27,3,0.0,0.0,0,77.71,4
2023-09-14,7.138,37.73,3,0.0,0.0,0,61.42,4
2023-09-15,4.347,23.51,2,0.0,0.0,0,23.51,2
2023-09-17,8.043,33.7,2,0.0,0.0,0,33.7,2
2023-09-18,10.317,52.63,2,0.0,0.0,0,72.03,3
2023-09-19,8.255,40.5,3,0.0,0.0,0,64.72,4
2023-09-20,6.28,30.28,1,0.0,0.0,0,30.28,1
2023-09-21,7.638,39.43,3,0.0,0.0,0,62.43,4
2023-09-23,7.096,39.76,1,0.0,0.0,0,55.13,2
2023-09-25,8.765,44.83,2,0.0,0.0,0,59.84,3
2023-09-26,9.221,47.42,3,0.0,0.0,0,72.45,4
2023-09-27,3.494,18.48,2,0.0,0.0,0,44.03,3
2023-09-28,6.564,42.77,3,0.0,0.0,0,70.29,4
2023-09-29,11.334,47.21,3,0.0,0.0,0,71.36,4
2023-09-30,14.607,83.56,1,0.0,0.0,0,83.56,1
2023-10-02,8.712,42.17,3,0.0,0.0,0,66.25,4
2023-10-03,11.476,57.41,3,0.0,0.0,0,81.95,4
2023-10-04,5.691,28.71,1,0.0,0.0,0,28.71,1
2023-10-05,9.803,50.36,3,0.0,0.0,0,77.2,4
2023-10-06,3.804,21.61,2,0.0,0.0,0,206.18,4
2023-10-08,17.382,91.08,1,0.0,0.0,0,118.07,2
2023-10-09,8.538,42.94,2,0.0,0.0,0,68.24,3
2023-10-10,6.243,31.0,4,0.0,0.0,0,55.04,5
2023-10-11,6.338,32.97,3,0.0,0.0,0,32.97,3
2023-10-12,8.434,53.34,3,0.0,0.0,0,77.39,4
2023-10-13,12.116,56.85,3,0.0,0.0,0,81.91,4
2023-10-14,7.41,40.94,1,0.0,0.0,0,50.48,2
2023-10-16,7.393,33.73,3,0.0,0.0,0,33.73,3
2023-10-17,0.0,0.0,0,0.0,0.0,0,25.53,1
2023-10-18,0.0,0.0,0,0.0,0.0,0,26.08,1
2023-10-19,8.898,48.91,1,0.0,0.0,0,73.0,3
2023-10-21,9.079,39.51,3,0.0,0.0,0,39.51,3
2023-10-22,7.183,46.61,3,0.0,0.0,0,46.61,3
2023-10-23,5.888,29.64,3,0.0,0.0,0,54.14,4
2023-10-24,9.846,44.66,4,0.0,0.0,0,70.7,5
2023-10-25,9.256,42.77,3,0.0,0.0,0,42.77,3
2023-10-26,7.993,42.57,3,0.0,0.0,0,42.57,3
2023-10-27,8.173,40.96,4,0.0,0.0,0,67.99,5
2023-10-28,14.443,73.47,1,0.0,0.0,0,73.47,1
2023-10-30,12.516,54.93,3,0.0,0.0,0,78.55,4
2023-10-31,9.92,46.99,3,0.0,0.0,0,72.74,4
2023-11-01,7.842,42.41,1,0.0,0.0,0,42.41,1
2023-11-03,6.473,34.16,3,0.0,0.0,0,60.47,4
2023-11-04,16.01,84.97,1,0.0,0.0,0,84.97,1
2023-11-06,10.45,52.56,3,0.0,0.0,0,62.07,4
2023-11-07,7.33,35.93,3,0.0,0.0,0,66.7,4
2023-11-08,6.51,35.67,1,0.0,0.0,0,63.71,2
2023-11-09,12.906,59.64,3,0.0,0.0,0,86.41,4
2023-11-10,3.813,23.48,2,0.0,0.0,0,53.94,3
2023-11-12,7.832,34.79,3,0.0,0.0,0,44.29,4
2023-11-13,5.009,25.38,1,0.0,0.0,0,49.21,2
2023-11-14,9.593,49.22,4,0.0,0.0,0,49.22,4
2023-11-15,5.929,32.54,2,0.0,0.0,0,62.4,3
2023-11-19,0.0,0.0,0,0.0,0.0,0,22.92,1
2023-11-20,0.0,0.0,0,0.0,0.0,0,20.57,1
2023-11-21,8.249,41.05,2,0.0,0.0,0,41.05,2
2023-11-24,6.48,39.83,1,0.0,0.0,0,68.38,2
2023-11-25,5.87,31.18,1,0.0,0.0,0,59.85,2
2023-11-26,0.0,0.0,0,0.0,0.0,0,50.84,2
2023-11-27,14.889,65.73,3,0.0,0.0,0,65.73,3
2023-11-28,8.113,42.81,1,0.0,0.0,0,76.65,2
2023-11-29,4.98,24.38,3,0.0,0.0,0,55.44,4
2023-11-30,0.0,0.0,0,0.0,0.0,0,12.57,1
2023-12-01,7.878,40.79,3,0.0,0.0,0,71.82,4
2023-12-03,8.565,40.06,3,0.0,0.0,0,40.06,3
2023-12-04,12.288,58.49,3,0.0,0.0,0,58.49,3
2023-12-05,9.948,53.28,1,0.0,0.0,0,74.66,2
2023-12-06,0.0,0.0,0,0.0,0.0,0,52.89,2
2023-12-07,11.654,59.96,1,0.0,0.0,0,92.36,2
2023-12-08,6.761,37.7,1,0.0,0.0,0,37.7,1
2023-12-09,8.365,46.35,1,0.0,0.0,0,46.35,1
2023-12-10,10.481,56.91,1,0.0,0.0,0,56.91,1
2023-12-11,12.627,54.63,3,0.0,0.0,0,54.63,3
2023-12-12,10.038,51.64,1,0.0,0.0,0,89.0,2
2023-12-13,0.0,0.0,0,0.0,0.0,0,20.84,1
2023-12-14,11.814,67.0,1,0.0,0.0,0,99.42,2
2023-12-15,15.006,66.0,4,0.0,0.0,0,66.0,4
2023-12-16,6.79,36.81,1,0.0,0.0,0,53.77,2
2023-12-17,7.416,52.54,3,0.0,0.0,0,81.11,4
2023-12-18,7.178,38.76,1,0.0,0.0,0,63.17,2
2023-12-19,8.202,42.21,2,0.0,0.0,0,42.21,2
2023-12-20,0.0,0.0,0,0.0,0.0,0,18.62,1
2023-12-21,9.416,49.05,1,0.0,0.0,0,79.93,2
2023-12-22,13.67,62.77,3,0.0,0.0,0,62.77,3
2023-12-23,7.211,38.08,2,0.0,0.0,0,38.08,2
2023-12-24,1.71,9.87,1,0.0,0.0,0,21.1,2
2023-12-25,9.429,50.36,1,0.0,0.0,0,76.37,3
2023-12-26,14.712,76.75,3,0.0,0.0,0,76.75,3
2023-12-27,0.0,0.0,0,0.0,0.0,0,36.68,2
2023-12-28,8.598,54.4,1,0.0,0.0,0,54.4,1
2023-12-29,8.079,51.97,2,0.0,0.0,0,72.13,3
2023-12-30,5.703,28.83,1,0.0,0.0,0,28.83,1
2024-01-02,8.291,39.71,2,0.0,0.0,0,69.42,3
2024-01-03,20.537,97.5,4,0.0,0.0,0,125.45,5
2024-01-04,0.0,0.0,0,0.0,0.0,0,35.85,1
2024-01-05,10.656,49.92,2,0.0,0.0,0,86.93,3
2024-01-06,10.596,60.49,2,0.0,0.0,0,60.49,2
2024-01-07,11.627,69.15,2,0.0,0.0,0,69.15,2
2024-01-08,9.85,47.78,2,0.0,0.0,0,83.68,3
2024-01-09,8.917,46.56,2,0.0,0.0,0,85.05,4
2024-01-10,0.0,0.0,0,0.0,0.0,0,44.94,2
2024-01-11,7.078,32.91,4,0.0,0.0,0,32.91,4
2024-01-12,0.0,0.0,0,0.0,0.0,0,27.21,1
2024-01-13,5.029,28.9,2,0.0,0.0,0,28.9,2
2024-01-14,9.383,41.75,3,0.0,0.0,0,70.26,4
2024-01-15,9.305,49.63,2,0.0,0.0,0,79.38,3
2024-01-16,12.862,58.5,3,0.0,0.0,0,86.98,4
2024-01-17,0.0,0.0,0,0.0,0.0,0,51.86,2
2024-01-18,9.917,54.54,2,0.0,0.0,0,82.78,3
2024-01-19,0.0,0.0,0,0.0,0.0,0,25.97,1
2024-01-20,5.499,32.15,1,0.0,0.0,0,54.17,2
2024-01-21,9.207,42.02,3,0.0,0.0,0,69.93,4
2024-01-22,9.084,49.64,2,0.0,0.0,0,87.98,3
2024-01-23,8.609,39.74,5,0.0,0.0,0,68.72,6
2024-01-24,0.0,0.0,0,0.0,0.0,0,39.93,2
2024-01-25,5.559,31.49,3,0.0,0.0,0,59.51,4
2024-01-26,4.899,29.36,2,0.0,0.0,0,57.75,3
2024-01-27,3.299,16.96,2,0.0,0.0,0,16.96,2
2024-01-28,0.0,0.0,0,0.0,0.0,0,39.37,2
2024-01-29,9.266,45.67,3,0.0,0.0,0,67.06,4
2024-01-30,8.687,46.07,2,0.0,0.0,0,76.54,3
2024-01-31,0.0,0.0,0,0.0,0.0,0,47.1,2
2024-02-01,12.941,73.34,2,0.0,0.0,0,101.26,4
2024-02-02,8.289,43.23,3,0.0,0.0,0,43.23,3
2024-02-03,0.0,0.0,0,0.0,0.0,0,59.56,2
2024-02-04,14.098,73.38,1,0.0,0.0,0,104.38,2
2024-02-05,8.762,49.46,3,0.0,0.0,0,76.1,4
2024-02-06,7.791,33.8,2,0.0,0.0,0,59.58,3
2024-02-07,0.0,0.0,0,0.0,0.0,0,48.63,2
2024-02-08,13.587,76.12,2,0.0,0.0,0,104.58,3
2024-02-09,9.179,50.11,2,0.0,0.0,0,50.11,2
2024-02-10,12.374,54.88,3,0.0,0.0,0,74.69,4
2024-02-11,9.302,50.9,2,0.0,0.0,0,78.4,3
2024-02-12,0.0,0.0,0,0.0,0.0,0,22.84,1
2024-02-13,10.634,60.69,3,0.0,0.0,0,60.69,3
2024-02-14,12.348,67.34,2,0.0,0.0,0,67.34,2
2024-02-15,13.492,61.11,3,0.0,0.0,0,87.59,4
2024-02-16,0.0,0.0,0,0.0,0.0,0,31.18,1
2024-02-17,5.226,29.38,2,0.0,0.0,0,61.55,3
2024-02-18,8.453,37.68,3,0.0,0.0,0,65.53,4
2024-02-19,0.0,0.0,0,0.0,0.0,0,61.04,2
2024-02-20,12.126,67.28,3,0.0,0.0,0,101.94,4
2024-02-21,8.732,45.33,1,0.0,0.0,0,45.33,1
2024-02-22,11.258,53.21,3,0.0,0.0,0,79.52,4
2024-02-24,6.042,36.22,2,0.0,0.0,0,53.38,3
2024-02-25,8.86,38.85,3,0.0,0.0,0,65.35,4
2024-02-26,0.0,0.0,0,0.0,0.0,0,55.36,2
2024-02-27,10.733,58.11,2,0.0,0.0,0,87.27,3
2024-02-28,12.472,55.56,3,0.0,0.0,0,55.56,3
2024-02-29,9.408,53.69,2,0.0,0.0,0,79.69,3
2024-03-01,10.795,46.84,4,0.0,0.0,0,73.88,5
2024-03-03,13.088,78.72,2,0.0,0.0,0,105.54,3
2024-03-04,8.29,49.43,3,0.0,0.0,0,78.53,4
2024-03-05,0.0,0.0,0,0.0,0.0,0,67.19,3
2024-03-07,0.0,0.0,0,0.0,0.0,0,27.02,1
2024-03-08,0.0,0.0,0,0.0,0.0,0,31.29,1
2024-03-09,6.252,35.95,2,0.0,0.0,0,35.95,2
2024-03-11,7.235,40.48,3,0.0,0.0,0,40.48,3
2024-03-12,9.814,52.38,2,0.0,0.0,0,79.09,3
2024-03-13,11.053,61.73,2,0.0,0.0,0,61.73,2
2024-03-14,17.069,76.72,3,0.0,0.0,0,76.72,3
2024-03-15,9.013,49.43,2,0.0,0.0,0,79.59,3
2024-03-16,11.873,58.77,3,0.0,0.0,0,76.25,4
2024-03-17,5.618,33.92,2,0.0,0.0,0,64.87,3
2024-03-18,9.904,62.54,3,0.0,0.0,0,93.1,4
2024-03-19,9.13,50.83,2,0.0,0.0,0,80.56,3
2024-03-20,13.403,70.45,2,0.0,0.0,0,100.31,3
2024-03-21,15.975,73.68,3,0.0,0.0,0,93.38,4
2024-03-22,9.561,54.59,2,0.0,0.0,0,54.59,2
2024-03-23,13.284,67.98,3,0.0,0.0,0,118.32,5
2024-03-25,13.19,61.02,3,0.0,0.0,0,61.02,3
2024-03-26,9.995,55.63,2,0.0,0.0,0,55.63,2
2024-03-27,14.374,77.51,2,0.0,0.0,0,101.01,3
2024-03-28,14.237,59.3,3,0.0,0.0,0,59.3,3
2024-03-29,6.381,36.73,2,0.0,0.0,0,52.86,3
2024-03-30,11.517,63.81,1,0.0,0.0,0,63.81,1
2024-04-01,14.047,72.95,3,0.0,0.0,0,105.14,4
2024-04-02,9.084,50.53,2,0.0,0.0,0,102.06,4
2024-04-03,13.491,72.28,2,0.0,0.0,0,72.28,2
2024-04-04,10.525,47.73,2,0.0,0.0,0,75.43,3
2024-04-05,8.789,44.04,2,0.0,0.0,0,63.98,3
2024-04-06,4.74,24.8,1,0.0,0.0,0,59.68,2
2024-04-07,8.054,37.05,3,0.0,0.0,0,81.85,5
2024-04-08,10.805,56.46,2,0.0,0.0,0,85.96,3
2024-04-09,0.0,0.0,0,0.0,0.0,0,29.73,1
2024-04-10,9.86,50.45,3,0.0,0.0,0,74.44,4
2024-04-11,6.601,35.06,1,0.0,0.0,0,65.6,2
2024-04-13,5.583,31.77,2,0.0,0.0,0,51.79,3
2024-04-14,11.221,46.94,3,0.0,0.0,0,92.81,5
2024-04-15,7.588,38.63,1,0.0,0.0,0,38.63,1
2024-04-17,17.01,83.27,2,0.0,0.0,0,83.27,2
2024-04-18,12.101,69.68,2,0.0,0.0,0,101.49,3
2024-04-19,5.425,32.23,2,0.0,0.0,0,51.0,3
2024-04-20,14.439,68.54,3,0.0,0.0,0,118.12,5
2024-04-21,15.69,80.25,2,0.0,0.0,0,109.44,3
2024-04-22,0.0,0.0,0,0.0,0.0,0,57.01,2
2024-04-23,11.73,65.91,2,0.0,0.0,0,98.37,3
2024-04-24,14.045,70.66,4,0.0,0.0,0,104.67,5
2024-04-25,14.463,75.59,2,0.0,0.0,0,75.59,2
2024-04-26,0.0,0.0,0,0.0,0.0,0,32.17,1
2024-04-27,0.0,0.0,0,0.0,0.0,0,28.52,1
2024-04-28,4.662,29.61,1,0.0,0.0,0,29.61,1
2024-05-01,6.262,36.41,1,0.0,0.0,0,81.81,3
2024-05-02,6.34,35.97,1,0.0,0.0,0,56.87,3
2024-05-03,7.89,44.03,2,0.0,0.0,0,62.87,3
2024-05-04,0.0,0.0,0,0.0,0.0,0,10.85,1
2024-05-05,0.0,0.0,0,0.0,0.0,0,48.61,2
2024-05-06,3.495,17.38,1,0.0,0.0,0,29.94,2
2024-05-07,5.783,30.05,1,0.0,0.0,0,59.09,2
2024-05-09,3.894,20.08,1,0.0,0.0,0,52.36,2
2024-05-10,4.651,24.97,1,0.0,0.0,0,63.61,3
2024-05-11,5.008,26.03,1,0.0,0.0,0,54.64,2
2024-05-12,0.0,0.0,0,0.0,0.0,0,16.88,1
2024-05-13,6.011,30.57,1,0.0,0.0,0,30.57,1
2024-05-14,5.635,30.0,1,0.0,0.0,0,52.39,2
2024-05-15,0.0,0.0,0,0.0,0.0,0,6.55,1
2024-05-16,7.217,38.43,2,0.0,0.0,0,38.43,2
2024-05-17,5.807,34.87,3,0.0,0.0,0,34.87,3
2024-05-18,5.849,29.97,1,0.0,0.0,0,29.97,1
2024-05-19,0.0,0.0,0,0.0,0.0,0,52.74,2
2024-05-20,7.533,40.36,2,0.0,0.0,0,64.43,3
2024-05-21,8.905,46.14,2,0.0,0.0,0,83.83,3
2024-05-22,7.668,39.04,1,0.0,0.0,0,39.04,1
2024-05-23,0.0,0.0,0,0.0,0.0,0,39.35,2
2024-05-24,7.113,36.12,2,0.0,0.0,0,36.12,2
2024-05-25,5.962,31.51,1,0.0,0.0,0,45.51,2
2024-05-26,0.0,0.0,0,0.0,0.0,0,39.39,2
2024-05-27,3.566,19.98,2,0.0,0.0,0,19.98,2
2024-05-28,9.153,47.74,3,0.0,0.0,0,61.12,4
2024-05-29,9.169,45.23,1,0.0,0.0,0,45.23,1
2024-05-30,0.0,0.0,0,0.0,0.0,0,46.04,2
2024-05-31,4.044,20.7,1,0.0,0.0,0,39.88,2
2024-06-01,0.0,0.0,0,0.0,0.0,0,38.21,1
2024-06-02,6.068,31.8,1,0.0,0.0,0,79.17,3
2024-06-03,8.867,48.66,2,0.0,0.0,0,48.66,2
2024-06-04,9.62,52.62,2,0.0,0.0,0,52.62,2
2024-06-05,7.654,36.53,3,0.0,0.0,0,70.16,4
2024-06-06,0.0,0.0,0,0.0,0.0,0,36.01,2
2024-06-07,5.6,29.31,1,19.296,62.04,2,122.17,4
2024-06-08,0.0,0.0,0,0.0,0.0,0,29.75,1
2024-06-09,7.294,34.15,3,0.0,0.0,0,85.77,5
2024-06-10,2.43,12.4,2,20.017,59.74,1,104.27,4
2024-06-11,8.353,41.22,1,0.0,0.0,0,47.18,2
2024-06-12,7.521,36.23,3,0.0,0.0,0,68.28,4
2024-06-13,7.062,34.94,1,0.0,0.0,0,83.52,3
2024-06-14,6.371,32.36,1,0.0,0.0,0,32.36,1
2024-06-15,9.357,42.78,3,16.669,75.12,1,133.63,5
2024-06-16,0.0,0.0,0,0.0,0.0,0,32.61,1
2024-06-17,9.002,44.77,1,0.0,0.0,0,64.2,2
2024-06-18,3.24,16.66,2,0.0,0.0,0,50.95,3
2024-06-19,10.129,49.39,3,0.0,0.0,0,63.03,4
2024-06-20,7.856,40.28,1,0.0,0.0,0,73.66,2
2024-06-21,7.008,34.92,1,34.299,100.33,2,167.44,4
2024-06-22,10.412,50.29,3,0.0,0.0,0,104.59,5
2024-06-23,0.0,0.0,0,0.0,0.0,0,34.09,1
2024-06-24,9.827,51.35,1,0.0,0.0,0,87.24,2
2024-06-25,8.891,40.33,1,22.032,67.93,1,142.12,3
2024-06-26,6.196,31.37,1,0.0,0.0,0,58.64,3
2024-06-27,6.872,37.35,3,0.0,0.0,0,72.82,4
2024-06-28,8.508,39.49,4,0.0,0.0,0,39.49,4
2024-06-30,5.371,39.5,3,0.0,0.0,0,97.42,5
2024-07-01,10.477,57.61,4,0.0,0.0,0,89.53,5
2024-07-02,12.035,61.78,2,0.0,0.0,0,95.86,3
2024-07-03,11.703,58.0,3,0.0,0.0,0,76.05,4
2024-07-04,6.129,32.61,1,0.0,0.0,0,32.61,1
2024-07-05,8.096,40.48,2,0.0,0.0,0,40.48,2
2024-07-06,11.114,62.7,1,0.0,0.0,0,62.7,1
2024-07-07,0.0,0.0,0,0.0,0.0,0,57.26,2
2024-07-08,14.983,70.88,4,0.0,0.0,0,102.57,5
2024-07-09,0.0,0.0,0,0.0,0.0,0,15.63,1
2024-07-10,7.364,49.91,2,12.202,57.42,1,141.64,4
2024-07-11,11.582,59.89,1,0.0,0.0,0,98.18,2
2024-07-12,11.544,55.5,3,0.0,0.0,0,99.51,4
2024-07-13,8.418,44.47,4,0.0,0.0,0,44.47,4
2024-07-14,0.0,0.0,0,0.0,0.0,0,15.0,1
2024-07-15,12.096,80.15,4,0.0,0.0,0,117.84,5
2024-07-16,8.715,44.09,1,0.0,0.0,0,44.09,1
2024-07-17,9.162,49.2,1,0.0,0.0,0,49.2,1
2024-07-19,10.439,60.29,4,20.428,81.72,2,178.74,7
2024-07-20,6.2,33.0,1,0.0,0.0,0,85.35,3
2024-07-21,14.032,70.24,2,0.0,0.0,0,127.15,4
2024-07-22,8.138,53.99,2,0.0,0.0,0,111.04,4
2024-07-23,9.447,49.51,1,0.0,0.0,0,71.84,2
2024-07-24,11.105,52.92,4,0.0,0.0,0,86.91,5
2024-07-25,14.533,71.67,2,0.0,0.0,0,105.76,3
2024-07-26,6.168,34.34,2,0.0,0.0,0,64.47,3
2024-07-27,13.566,61.97,5,0.0,0.0,0,61.97,5
2024-07-28,0.0,0.0,0,0.0,0.0,0,27.45,1
2024-07-29,15.73,78.01,2,0.0,0.0,0,78.01,2
2024-07-30,14.627,66.13,4,0.0,0.0,0,66.13,4
2024-07-31,10.229,69.38,2,0.0,0.0,0,120.2,4
2024-08-01,6.035,30.63,1,0.0,0.0,0,66.43,2
2024-08-02,7.805,42.41,2,0.0,0.0,0,79.34,3
2024-08-03,8.946,41.71,4,0.0,0.0,0,41.71,4
2024-08-04,7.915,40.07,1,0.0,0.0,0,40.07,1
2024-08-05,13.266,90.15,4,0.0,0.0,0,122.77,5
2024-08-06,14.422,72.41,3,0.0,0.0,0,72.41,3
2024-08-07,7.56,47.55,3,0.0,0.0,0,47.55,3
2024-08-08,9.906,53.02,3,0.0,0.0,0,83.04,4
2024-08-09,14.735,65.57,4,0.0,0.0,0,65.57,4
2024-08-10,16.847,89.45,5,0.0,0.0,0,89.45,5
2024-08-11,0.0,0.0,0,0.0,0.0,0,32.83,1
2024-08-12,14.077,73.02,2,0.0,0.0,0,73.02,2
2024-08-13,13.703,72.97,2,0.0,0.0,0,96.04,3
2024-08-14,10.054,45.2,3,0.0,0.0,0,45.2,3
2024-08-15,0.0,0.0,0,0.0,0.0,0,112.38,1
2024-08-16,6.33,32.32,1,0.0,0.0,0,93.65,2
2024-08-17,11.504,57.53,1,0.0,0.0,0,57.53,1
2024-08-18,7.021,41.37,1,0.0,0.0,0,41.37,1
2024-08-19,8.873,52.2,3,0.0,0.0,0,52.2,3
2024-08-20,14.083,73.75,2,0.0,0.0,0,73.75,2
2024-08-21,7.087,37.9,1,0.0,0.0,0,37.9,1
2024-08-22,8.803,42.6,3,0.0,0.0,0,42.6,3
2024-08-23,5.792,29.97,1,0.0,0.0,0,29.97,1
2024-08-24,14.155,59.33,3,0.0,0.0,0,59.33,3
2024-08-25,0.0,0.0,0,0.0,0.0,0,17.48,1
2024-08-26,13.392,67.38,2,0.0,0.0,0,67.38,2
2024-08-27,8.688,44.72,1,0.0,0.0,0,71.84,2
2024-08-28,9.621,48.98,3,0.0,0.0,0,48.98,3
2024-08-29,10.849,46.33,1,0.0,0.0,0,80.86,2
2024-08-30,11.296,55.96,3,0.0,0.0,0,87.29,4
2024-08-31,16.443,80.01,1,0.0,0.0,0,96.22,2
2024-09-01,0.0,0.0,0,0.0,0.0,0,33.01,1
2024-09-02,13.297,64.07,4,0.0,0.0,0,98.15,5
2024-09-03,10.127,46.55,1,0.0,0.0,0,46.55,1
2024-09-04,13.956,72.66,2,0.0,0.0,0,104.51,3
2024-09-05,7.968,37.81,2,0.0,0.0,0,58.7,3
2024-09-07,6.603,37.93,2,0.0,0.0,0,49.76,3
2024-09-08,10.197,41.39,3,0.0,0.0,0,65.58,4
2024-09-09,16.183,77.39,2,0.0,0.0,0,110.64,3
2024-09-10,11.183,52.91,4,0.0,0.0,0,84.53,5
2024-09-11,10.652,51.96,1,0.0,0.0,0,75.46,2
2024-09-12,8.316,43.83,3,0.0,0.0,0,79.07,4
2024-09-13,6.605,32.18,1,0.0,0.0,0,70.23,2
2024-09-14,7.066,41.36,2,0.0,0.0,0,41.36,2
2024-09-15,14.431,67.38,4,0.0,0.0,0,67.38,4
2024-09-16,11.505,51.94,1,0.0,0.0,0,85.14,2
2024-09-17,13.819,66.78,1,0.0,0.0,0,103.08,2
2024-09-18,9.193,46.23,3,0.0,0.0,0,73.27,4
2024-09-19,10.027,50.79,1,0.0,0.0,0,65.54,2
2024-09-20,9.276,44.7,2,0.0,0.0,0,44.7,2
2024-09-21,16.753,80.66,1,0.0,0.0,0,96.37,2
2024-09-22,0.0,0.0,0,31.425,87.31,1,123.95,2
2024-09-23,11.826,51.6,3,0.0,0.0,0,89.61,4
2024-09-24,10.735,46.21,1,0.0,0.0,0,82.79,2
2024-09-25,11.502,57.77,3,0.0,0.0,0,94.2,4
2024-09-26,9.162,49.38,1,0.0,0.0,0,49.38,1
2024-09-27,11.714,60.07,3,0.0,0.0,0,60.07,3
2024-09-29,7.01,36.16,1,0.0,0.0,0,71.67,2
2024-09-30,10.69,44.01,4,0.0,0.0,0,79.27,5
2024-10-01,10.282,52.62,1,0.0,0.0,0,76.05,2
2024-10-03,0.0,0.0,0,0.0,0.0,0,22.55,1
2024-10-04,4.491,22.91,1,0.0,0.0,0,22.91,1
2024-10-05,4.824,27.09,2,0.0,0.0,0,27.09,2
2024-10-06,13.859,57.55,3,0.0,0.0,0,57.55,3
2024-10-07,0.0,0.0,0,0.0,0.0,0,29.83,1
2024-10-08,7.624,38.72,1,0.0,0.0,0,50.59,2
2024-10-09,8.204,40.69,3,0.0,0.0,0,76.23,4
2024-10-10,7.215,40.79,1,0.0,0.0,0,40.79,1
2024-10-11,9.612,47.75,3,0.0,0.0,0,47.75,3
2024-10-12,8.424,40.61,1,0.0,0.0,0,40.61,1
2024-10-13,0.0,0.0,0,0.0,0.0,0,30.81,1
2024-10-14,10.174,45.17,3,0.0,0.0,0,70.25,4
2024-10-15,8.073,42.09,2,0.0,0.0,0,42.09,2
2024-10-17,0.0,0.0,0,0.0,0.0,0,24.82,1
2024-10-18,6.208,32.68,1,0.0,0.0,0,32.68,1
2024-10-19,8.024,40.3,1,0.0,0.0,0,40.3,1
2024-10-20,7.546,39.96,1,0.0,0.0,0,76.68,2
2024-10-21,8.761,41.77,3,0.0,0.0,0,76.28,4
2024-10-22,10.334,50.3,1,0.0,0.0,0,50.3,1
2024-10-23,12.187,58.16,3,0.0,0.0,0,58.16,3
2024-10-24,9.007,45.39,1,0.0,0.0,0,66.22,2
2024-10-25,7.935,40.2,3,0.0,0.0,0,40.2,3
2024-10-26,12.402,60.13,1,0.0,0.0,0,60.13,1
2024-10-27,0.0,0.0,0,0.0,0.0,0,41.23,1
2024-10-28,9.172,42.67,2,0.0,0.0,0,75.37,3
2024-10-29,9.531,40.45,1,0.0,0.0,0,40.45,1
2024-10-30,12.316,56.15,3,0.0,0.0,0,101.03,5
2024-10-31,12.241,62.21,1,0.0,0.0,0,97.18,2
2024-11-01,12.65,56.43,3,0.0,0.0,0,56.43,3
2024-11-03,14.269,69.35,1,0.0,0.0,0,100.59,2
2024-11-04,12.113,57.45,3,0.0,0.0,0,89.29,4
2024-11-05,11.178,54.66,1,0.0,0.0,0,87.5,2
2024-11-06,9.849,50.98,3,0.0,0.0,0,89.9,4
2024-11-07,11.026,55.44,1,0.0,0.0,0,55.44,1
2024-11-08,11.644,61.19,3,0.0,0.0,0,97.22,4
2024-11-09,8.269,44.48,1,0.0,0.0,0,69.5,2
2024-11-10,6.024,31.22,1,0.0,0.0,0,31.22,1
2024-11-11,13.281,61.76,3,0.0,0.0,0,96.31,4
2024-11-12,3.517,15.61,1,0.0,0.0,0,49.09,2
2024-11-13,8.669,42.93,3,0.0,0.0,0,68.42,4
2024-11-14,8.831,47.34,1,0.0,0.0,0,77.92,2
2024-11-15,7.401,35.77,1,0.0,0.0,0,35.77,1
2024-11-16,6.622,38.61,1,0.0,0.0,0,38.61,1
2024-11-17,9.86,42.12,3,0.0,0.0,0,71.15,4
2024-11-18,13.067,65.82,1,0.0,0.0,0,89.6,2
2024-11-19,6.145,26.54,1,0.0,0.0,0,26.54,1
2024-11-20,13.217,58.92,3,0.0,0.0,0,88.93,4
2024-11-21,9.487,41.52,1,0.0,0.0,0,41.52,1
2024-11-22,12.616,66.59,4,0.0,0.0,0,98.65,5
2024-11-24,17.698,87.67,1,0.0,0.0,0,121.8,2
2024-11-25,13.096,60.3,3,0.0,0.0,0,80.21,4
2024-11-26,6.202,26.98,1,0.0,0.0,0,66.27,2
2024-11-27,9.568,49.65,3,0.0,0.0,0,59.05,4
2024-11-28,8.74,37.69,1,0.0,0.0,0,37.69,1
2024-11-29,9.029,48.64,1,0.0,0.0,0,75.32,2
2024-11-30,7.82,42.88,2,0.0,0.0,0,42.88,2
2024-12-01,9.657,39.63,3,0.0,0.0,0,74.38,4
2024-12-02,13.642,66.9,1,0.0,0.0,0,66.9,1
2024-12-03,9.406,40.54,1,0.0,0.0,0,70.92,2
2024-12-04,11.787,56.2,3,0.0,0.0,0,94.75,4
2024-12-05,10.296,46.58,1,0.0,0.0,0,86.43,2
2024-12-06,7.35,42.61,1,0.0,0.0,0,70.48,2
2024-12-07,6.11,34.97,2,0.0,0.0,0,34.97,2
2024-12-08,9.587,42.06,3,0.0,0.0,0,75.82,4
2024-12-09,10.039,49.89,1,0.0,0.0,0,73.29,2
2024-12-10,9.593,41.17,1,0.0,0.0,0,64.04,2
2024-12-11,15.682,71.41,4,0.0,0.0,0,91.58,5
2024-12-12,10.429,47.17,1,0.0,0.0,0,76.06,2
2024-12-13,10.447,50.47,1,0.0,0.0,0,50.47,1
2024-12-14,10.208,47.75,3,0.0,0.0,0,70.27,4
2024-12-15,11.424,62.27,1,0.0,0.0,0,100.01,2
2024-12-16,12.028,53.79,3,0.0,0.0,0,89.67,4
2024-12-17,8.834,38.76,1,0.0,0.0,0,63.08,2
2024-12-18,9.458,52.11,3,0.0,0.0,0,71.46,4
2024-12-20,11.513,62.42,1,0.0,0.0,0,87.96,2
2024-12-21,14.65,80.58,3,0.0,0.0,0,95.77,4
2024-12-22,8.912,50.7,1,0.0,0.0,0,76.09,2
2024-12-23,0.0,0.0,0,0.0,0.0,0,26.17,1
2024-12-24,12.401,76.66,3,0.0,0.0,0,94.94,4
2024-12-25,16.293,89.93,1,0.0,0.0,0,109.91,2
2024-12-26,11.278,61.69,1,0.0,0.0,0,61.69,1
2024-12-27,12.851,64.06,3,0.0,0.0,0,82.28,4
2024-12-28,12.138,65.45,1,0.0,0.0,0,65.45,1
2024-12-29,8.291,39.94,1,0.0,0.0,0,53.67,2
2024-12-30,10.872,52.52,3,0.0,0.0,0,52.52,3
2024-12-31,9.439,41.81,1,0.0,0.0,0,45.48,2
2025-01-01,9.031,46.89,1,0.0,0.0,0,46.89,1
2025-01-02,13.679,57.85,4,0.0,0.0,0,92.49,5
2025-01-03,9.553,50.06,1,0.0,0.0,0,50.06,1
2025-01-04,16.556,92.27,1,0.0,0.0,0,92.27,1
2025-01-06,10.945,54.82,3,0.0,0.0,0,91.93,4
2025-01-07,10.097,43.2,1,0.0,0.0,0,81.29,3
2025-01-08,9.232,46.0,3,0.0,0.0,0,72.47,4
2025-01-10,11.157,52.5,1,0.0,0.0,0,71.22,2
2025-01-11,6.204,34.32,2,0.0,0.0,0,59.45,3
2025-01-12,11.689,51.8,3,0.0,0.0,0,110.06,4
2025-01-13,11.243,54.36,1,0.0,0.0,0,95.2,2
2025-01-14,7.423,32.09,1,0.0,0.0,0,58.59,3
2025-01-15,9.883,47.74,3,0.0,0.0,0,56.83,4
2025-01-16,8.071,40.64,1,0.0,0.0,0,67.81,2
2025-01-17,6.714,36.38,2,0.0,0.0,0,47.88,3
2025-01-18,8.311,36.16,3,0.0,0.0,0,36.16,3
2025-01-19,6.221,36.44,1,0.0,0.0,0,60.9,3
2025-01-20,12.316,58.73,1,0.0,0.0,0,81.38,2
2025-01-21,13.467,62.29,3,0.0,0.0,0,84.44,4
2025-01-22,6.511,38.18,1,0.0,0.0,0,38.18,1
2025-01-23,10.437,51.53,3,0.0,0.0,0,51.53,3
2025-01-24,11.314,55.5,1,0.0,0.0,0,93.56,2
2025-01-25,20.222,94.34,1,0.0,0.0,0,114.25,2
2025-01-26,6.229,32.14,1,0.0,0.0,0,63.95,2
2025-01-27,12.84,57.75,3,0.0,0.0,0,57.75,3
2025-01-28,12.277,60.02,1,0.0,0.0,0,74.07,2
2025-01-29,10.404,54.23,3,0.0,0.0,0,80.4,5
2025-01-30,12.359,62.86,1,0.0,0.0,0,90.41,2
2025-02-01,6.767,37.23,1,0.0,0.0,0,69.1,2
2025-02-02,12.406,52.32,3,0.0,0.0,0,85.01,5
2025-02-03,11.022,53.25,1,0.0,0.0,0,53.25,1
2025-02-04,10.232,47.28,3,0.0,0.0,0,83.36,5
2025-02-05,12.294,59.93,1,0.0,0.0,0,59.93,1
2025-02-06,6.558,30.92,3,0.0,0.0,0,30.92,3
2025-02-08,6.818,38.11,1,0.0,0.0,0,77.52,2
2025-02-09,3.136,14.73,1,0.0,0.0,0,43.52,2
2025-02-10,12.261,60.44,1,0.0,0.0,0,72.85,2
2025-02-11,14.27,62.6,3,0.0,0.0,0,62.6,3
2025-02-12,9.025,48.75,1,0.0,0.0,0,73.33,3
2025-02-13,6.53,31.56,3,0.0,0.0,0,62.83,5
2025-02-15,0.0,0.0,0,0.0,0.0,0,17.42,1
2025-02-16,0.0,0.0,0,0.0,0.0,0,37.81,1
2025-02-17,0.0,0.0,0,0.0,0.0,0,18.98,1
2025-02-18,0.0,0.0,0,0.0,0.0,0,39.4,1
2025-02-19,0.0,0.0,0,0.0,0.0,0,22.26,1
2025-02-21,3.684,21.46,1,0.0,0.0,0,21.46,1
2025-02-22,7.158,34.54,1,17.484,75.44,1,109.98,2
2025-02-23,0.0,0.0,0,0.0,0.0,0,23.87,1
2025-02-24,8.246,35.79,3,0.0,0.0,0,47.47,4
2025-02-25,0.0,0.0,0,0.0,0.0,0,22.32,1
2025-02-26,5.632,34.75,1,0.0,0.0,0,51.53,2
2025-02-27,7.154,34.42,1,0.0,0.0,0,34.42,1
2025-02-28,7.183,32.23,2,0.0,0.0,0,60.69,3
2025-03-01,8.29,36.83,2,0.0,0.0,0,78.21,3
2025-03-02,0.0,0.0,0,0.0,0.0,0,36.43,1
2025-03-03,9.352,37.58,2,0.0,0.0,0,68.18,3
2025-03-04,7.332,38.37,1,0.0,0.0,0,38.37,1
2025-03-05,9.648,39.28,2,0.0,0.0,0,79.03,4
2025-03-06,0.0,0.0,0,0.0,0.0,0,24.4,1
2025-03-07,7.286,35.89,1,0.0,0.0,0,70.0,2
2025-03-08,10.433,48.57,2,0.0,0.0,0,48.57,2
2025-03-09,0.0,0.0,0,0.0,0.0,0,45.28,1
2025-03-10,7.385,36.12,1,0.0,0.0,0,36.12,1
2025-03-11,10.387,48.92,3,0.0,0.0,0,89.52,5
2025-03-12,7.264,39.03,1,0.0,0.0,0,39.03,1
2025-03-13,6.079,29.55,3,0.0,0.0,0,45.33,4
2025-03-14,5.063,24.05,1,0.0,0.0,0,24.05,1
2025-03-16,12.223,50.31,3,0.0,0.0,0,50.31,3
2025-03-17,0.0,0.0,0,34.322,111.21,1,123.94,2
2025-03-18,10.227,44.13,1,0.0,0.0,0,61.88,2
2025-03-19,9.162,41.65,2,0.0,0.0,0,41.65,2
2025-03-21,7.345,35.16,1,0.0,0.0,0,35.16,1
2025-03-22,7.37,41.1,1,0.0,0.0,0,41.1,1
2025-03-24,9.445,44.06,1,0.0,0.0,0,44.06,1
2025-03-25,10.195,50.8,1,0.0,0.0,0,50.8,1
2025-03-26,3.028,16.56,1,0.0,0.0,0,16.56,1
2025-03-27,8.179,42.2,1,0.0,0.0,0,42.2,1
2025-03-28,11.947,59.53,1,0.0,0.0,0,59.53,1
2025-03-31,9.918,46.32,3,0.0,0.0,0,89.49,4
2025-04-01,10.759,52.61,1,0.0,0.0,0,52.61,1
2025-04-02,11.251,53.01,3,0.0,0.0,0,85.09,4
2025-04-03,9.636,40.94,1,0.0,0.0,0,83.51,4
2025-04-04,9.169,47.86,3,0.0,0.0,0,85.86,5
2025-04-05,13.145,64.15,1,0.0,0.0,0,64.15,1
2025-04-07,11.043,53.76,3,0.0,0.0,0,89.42,4
2025-04-08,10.303,47.46,1,0.0,0.0,0,92.55,3
2025-04-09,9.726,46.0,3,0.0,0.0,0,46.0,3
2025-04-10,10.273,43.61,1,0.0,0.0,0,46.21,2
2025-04-11,9.562,46.48,3,0.0,0.0,0,67.38,4
2025-04-12,15.255,75.41,1,0.0,0.0,0,108.94,2
2025-04-13,0.0,0.0,0,0.0,0.0,0,38.14,2
2025-04-14,10.71,49.41,3,0.0,0.0,0,49.41,3
2025-04-15,8.25,37.29,1,0.0,0.0,0,88.83,4
2025-04-16,8.308,38.9,2,0.0,0.0,0,61.43,3
2025-04-17,10.021,48.77,1,0.0,0.0,0,71.18,2
2025-04-18,10.83,47.2,3,0.0,0.0,0,47.2,3
2025-04-21,0.0,0.0,0,0.0,0.0,0,32.29,1
2025-04-22,6.418,33.05,2,0.0,0.0,0,72.27,3
2025-04-23,10.033,48.07,1,0.0,0.0,0,48.07,1
2025-04-24,8.608,42.91,3,0.0,0.0,0,83.58,5
2025-04-25,7.983,43.32,1,0.0,0.0,0,87.54,3
2025-04-26,12.647,63.36,4,0.0,0.0,0,97.98,5
2025-04-27,10.054,50.03,1,0.0,0.0,0,91.95,3
2025-04-28,9.8,48.52,3,0.0,0.0,0,48.52,3
2025-04-29,6.5,40.15,1,0.0,0.0,0,77.34,2
2025-04-30,6.022,33.41,2,0.0,0.0,0,33.41,2
2025-05-01,1.91,10.53,1,0.0,0.0,0,10.53,1
2025-05-02,8.242,41.47,3,0.0,0.0,0,41.47,3
2025-05-03,14.019,76.16,1,0.0,0.0,0,76.16,1
2025-05-04,5.546,30.12,1,0.0,0.0,0,78.48,3
2025-05-05,8.484,47.15,3,0.0,0.0,0,80.02,4
2025-05-06,10.367,50.19,1,0.0,0.0,0,84.05,4
2025-05-07,11.749,52.77,4,0.0,0.0,0,52.77,4
2025-05-08,9.033,42.88,1,0.0,0.0,0,83.47,3
2025-05-09,5.015,24.28,1,0.0,0.0,0,24.28,1
2025-05-10,6.616,29.92,3,0.0,0.0,0,43.37,4
2025-05-11,4.88,23.87,2,0.0,0.0,0,47.95,3
2025-05-12,7.445,34.17,1,0.0,0.0,0,76.01,3
2025-05-13,10.002,51.47,3,0.0,0.0,0,73.19,4
2025-05-14,9.683,44.7,1,0.0,0.0,0,44.7,1
2025-05-15,9.381,40.14,1,0.0,0.0,0,64.83,3
2025-05-16,10.597,49.69,3,0.0,0.0,0,69.82,4
2025-05-17,13.022,60.35,1,10.155,42.7,1,143.47,3
2025-05-18,0.0,0.0,0,0.0,0.0,0,34.29,1
2025-05-19,9.024,43.78,1,0.0,0.0,0,43.78,1
2025-05-20,7.608,41.67,3,0.0,0.0,0,78.19,5
2025-05-21,10.31,46.12,1,0.0,0.0,0,46.12,1
2025-05-22,7.013,33.75,3,0.0,0.0,0,33.75,3
2025-05-23,7.105,38.2,2,0.0,0.0,0,75.74,3
2025-05-24,6.434,28.76,3,0.0,0.0,0,28.76,3
2025-05-25,7.518,37.55,1,0.0,0.0,0,37.55,1
2025-05-28,0.0,0.0,0,0.0,0.0,0,41.29,1
2025-05-29,7.133,33.17,1,0.0,0.0,0,33.17,1
2025-05-30,10.295,50.16,3,0.0,0.0,0,71.11,4
2025-05-31,11.562,56.51,1,0.0,0.0,0,64.55,2
2025-06-01,7.413,34.89,1,0.0,0.0,0,34.89,1
2025-06-02,14.282,73.42,2,0.0,0.0,0,104.39,4
2025-06-03,10.238,50.91,3,0.0,0.0,0,50.91,3
2025-06-04,10.524,45.54,1,0.0,0.0,0,45.54,1
2025-06-05,10.973,53.02,4,0.0,0.0,0,86.3,6
2025-06-06,8.523,40.73,1,0.0,0.0,0,81.16,4
2025-06-07,15.033,70.93,1,0.0,0.0,0,91.62,3
2025-06-08,0.0,0.0,0,0.0,0.0,0,27.35,2
2025-06-09,10.9,50.07,3,0.0,0.0,0,50.07,3
2025-06-10,8.519,42.55,1,0.0,0.0,0,42.55,1
2025-06-12,7.083,34.47,1,0.0,0.0,0,34.47,1
2025-06-13,8.667,43.27,3,0.0,0.0,0,43.27,3
2025-06-14,15.979,79.97,2,0.0,0.0,0,79.97,2
2025-06-16,14.991,66.02,4,0.0,0.0,0,97.07,5
2025-06-17,10.187,44.47,1,26.337,86.28,1,154.84,3
2025-06-18,11.265,54.06,3,0.0,0.0,0,54.06,3
2025-06-19,15.526,77.25,2,0.0,0.0,0,100.22,3
2025-06-20,8.681,45.83,3,0.0,0.0,0,45.83,3
2025-06-21,16.266,72.62,1,0.0,0.0,0,87.46,2
2025-06-22,0.0,0.0,0,0.0,0.0,0,12.83,1
2025-06-23,9.897,42.43,1,0.0,0.0,0,42.43,1
2025-06-24,13.181,62.04,4,0.0,0.0,0,81.05,5
2025-06-25,8.134,38.64,1,0.0,0.0,0,38.64,1
2025-06-26,7.114,34.23,3,0.0,0.0,0,34.23,3
2025-06-27,0.0,0.0,0,0.0,0.0,0,58.21,2
2025-06-28,6.939,37.03,2,0.0,0.0,0,68.06,3
2025-06-29,12.13,52.99,4,0.0,0.0,0,52.99,4
2025-06-30,0.0,0.0,0,16.245,53.2,1,67.3,2
2025-07-02,7.868,34.35,1,0.0,0.0,0,55.94,2
2025-07-03,8.467,40.67,1,0.0,0.0,0,40.67,1
2025-07-04,0.0,0.0,0,0.0,0.0,0,257.13,1
2025-07-05,12.326,53.12,1,0.0,0.0,0,72.49,2
2025-07-06,6.924,31.62,1,0.0,0.0,0,67.89,2
2025-07-07,12.951,59.83,3,0.0,0.0,0,73.41,4
2025-07-08,11.023,52.08,1,0.0,0.0,0,75.33,2
2025-07-09,12.223,65.86,3,0.0,0.0,0,89.42,4
2025-07-10,17.759,84.68,2,0.0,0.0,0,84.68,2
2025-07-11,12.64,57.28,3,0.0,0.0,0,57.28,3
2025-07-12,8.547,38.45,1,0.0,0.0,0,49.47,2
2025-07-13,0.0,0.0,0,0.0,0.0,0,35.79,2
2025-07-14,8.277,43.71,3,0.0,0.0,0,43.71,3
2025-07-15,11.037,47.77,1,0.0,0.0,0,80.6,3
2025-07-16,13.958,67.08,4,0.0,0.0,0,67.08,4
2025-07-17,9.829,45.01,1,0.0,0.0,0,74.97,3
2025-07-18,9.899,50.42,3,0.0,0.0,0,50.42,3
2025-07-19,16.126,72.93,1,0.0,0.0,0,120.51,3
2025-07-20,7.5,36.66,1,0.0,0.0,0,76.45,2
2025-07-21,6.104,27.38,3,0.0,0.0,0,27.38,3
2025-07-22,7.108,37.71,2,0.0,0.0,0,37.71,2
2025-07-23,8.44,38.93,4,0.0,0.0,0,38.93,4
2025-07-24,9.948,45.48,3,23.556,62.23,2,117.32,6
2025-07-25,10.37,45.84,3,0.0,0.0,0,72.86,4
2025-07-26,11.579,53.35,1,0.0,0.0,0,76.13,3
2025-07-27,0.0,0.0,0,0.0,0.0,0,12.24,1
2025-07-28,11.55,54.45,3,0.0,0.0,0,54.45,3
2025-07-29,13.165,60.89,1,0.0,0.0,0,117.09,3
2025-07-30,10.746,53.86,3,0.0,0.0,0,53.86,3
2025-07-31,10.761,51.23,1,0.0,0.0,0,224.43,2
2025-08-01,11.023,59.48,3,0.0,0.0,0,59.48,3
2025-08-02,11.264,52.05,1,0.0,0.0,0,56.45,2
2025-08-03,0.0,0.0,0,0.0,0.0,0,44.56,2
2025-08-04,13.15,59.55,4,0.0,0.0,0,85.81,5
2025-08-05,12.097,59.51,2,31.835,93.62,1,209.41,5
2025-08-06,13.696,65.93,4,0.0,0.0,0,65.93,4
2025-08-07,10.755,50.36,2,0.0,0.0,0,92.55,3
2025-08-08,11.729,58.8,3,0.0,0.0,0,58.8,3
2025-08-09,15.5,72.38,1,0.0,0.0,0,100.96,2
2025-08-10,6.078,30.51,1,0.0,0.0,0,30.51,1
2025-08-11,9.181,50.19,2,19.517,108.62,1,158.81,3
2025-08-12,10.338,50.02,1,0.0,0.0,0,69.8,2
2025-08-13,11.527,47.7,3,0.0,0.0,0,47.7,3
2025-08-14,11.807,59.32,1,0.0,0.0,0,91.86,2
2025-08-15,8.348,40.33,1,16.768,63.44,1,131.11,3
2025-08-16,11.003,59.25,3,0.0,0.0,0,103.46,5
2025-08-17,14.815,79.75,1,0.0,0.0,0,79.75,1
2025-08-18,11.323,64.61,3,0.0,0.0,0,64.61,3
2025-08-19,10.044,48.87,1,0.0,0.0,0,92.38,3
2025-08-20,10.1,56.73,3,0.0,0.0,0,97.91,5
2025-08-22,6.947,39.54,2,0.0,0.0,0,39.54,2
2025-08-23,9.14,39.07,4,0.0,0.0,0,39.07,4
2025-08-24,10.716,47.05,1,0.0,0.0,0,59.42,2
2025-08-25,11.455,50.5,3,0.0,0.0,0,50.5,3
2025-08-26,11.53,52.52,1,0.0,0.0,0,98.55,3
2025-08-27,9.807,50.66,3,0.0,0.0,0,50.66,3
2025-08-28,15.849,79.39,2,0.0,0.0,0,96.88,4
2025-08-29,10.631,44.13,4,0.0,0.0,0,68.81,5
2025-08-30,7.058,34.02,1,0.0,0.0,0,91.88,2
2025-08-31,0.0,0.0,0,0.0,0.0,0,20.02,1
2025-09-01,10.139,44.83,3,0.0,0.0,0,76.66,4
2025-09-02,10.06,45.3,1,0.0,0.0,0,80.45,3
2025-09-03,7.393,35.99,3,0.0,0.0,0,74.95,4
2025-09-04,0.0,0.0,0,0.0,0.0,0,29.29,1
2025-09-05,7.383,38.92,2,0.0,0.0,0,56.99,3
2025-09-06,6.424,28.49,3,0.0,0.0,0,28.49,3
2025-09-07,9.286,36.24,3,0.0,0.0,0,36.24,3
2025-09-09,12.827,62.32,2,0.0,0.0,0,100.0,4
2025-09-10,12.195,55.53,3,0.0,0.0,0,55.53,3
2025-09-11,10.113,45.63,1,0.0,0.0,0,45.63,1
2025-09-12,9.516,39.87,3,0.0,0.0,0,39.87,3
2025-09-13,11.195,49.44,1,0.0,0.0,0,90.56,2
2025-09-14,0.0,0.0,0,0.0,0.0,0,27.35,1
2025-09-15,9.84,45.56,3,0.0,0.0,0,45.56,3
2025-09-16,9.018,42.89,1,0.0,0.0,0,71.8,2
2025-09-17,7.23,35.24,3,0.0,0.0,0,35.24,3
2025-09-18,6.695,30.6,1,0.0,0.0,0,30.6,1
2025-09-20,7.252,38.54,2,0.0,0.0,0,38.54,2
2025-09-21,7.715,32.64,3,0.0,0.0,0,71.41,4
2025-09-22,10.044,45.3,1,0.0,0.0,0,45.3,1
2025-09-23,10.201,46.31,3,0.0,0.0,0,46.31,3
2025-09-24,10.817,48.08,1,0.0,0.0,0,48.08,1
2025-09-25,6.664,32.7,3,0.0,0.0,0,60.22,4
2025-09-27,7.522,39.53,2,0.0,0.0,0,39.53,2
2025-09-28,9.393,41.14,3,0.0,0.0,0,41.14,3
2025-09-29,9.027,41.28,1,0.0,0.0,0,52.28,2
2025-09-30,11.042,48.72,1,0.0,0.0,0,48.72,1
2025-10-01,10.844,49.45,3,0.0,0.0,0,49.45,3
2025-10-02,11.251,49.99,1,0.0,0.0,0,49.99,1
2025-10-03,12.971,55.51,3,11.482,31.02,1,105.37,5
2025-10-04,14.03,61.66,1,0.0,0.0,0,91.06,3
2025-10-06,14.303,63.31,3,0.0,0.0,0,94.81,4
2025-10-07,11.027,50.09,1,0.0,0.0,0,62.94,2
2025-10-08,10.825,49.82,3,0.0,0.0,0,72.89,4
2025-10-09,11.472,49.93,1,0.0,0.0,0,49.93,1
2025-10-10,13.258,53.79,3,0.0,0.0,0,80.74,4
2025-10-11,14.684,66.04,1,0.0,0.0,0,66.04,1
2025-10-12,0.0,0.0,0,26.57,80.42,1,103.31,3
2025-10-13,13.514,56.51,3,0.0,0.0,0,95.03,4
2025-10-14,9.876,47.29,1,0.0,0.0,0,47.29,1
2025-10-15,4.88,25.4,1,0.0,0.0,0,25.4,1
2025-10-18,5.512,25.13,1,0.0,0.0,0,32.62,2
2025-10-19,8.224,35.87,1,0.0,0.0,0,72.54,2
2025-10-20,9.099,38.28,3,0.0,0.0,0,38.28,3
2025-10-21,10.025,45.3,1,0.0,0.0,0,75.35,2
2025-10-22,7.108,32.04,2,0.0,0.0,0,32.04,2
2025-10-24,6.531,30.91,1,0.0,0.0,0,30.91,1
2025-10-25,7.141,35.17,1,0.0,0.0,0,35.17,1
2025-10-26,4.019,20.29,1,0.0,0.0,0,35.11,2
2025-10-31,2.838,15.21,1,0.0,0.0,0,15.21,1
2025-11-01,5.571,26.8,1,0.0,0.0,0,72.28,2
2025-11-02,0.0,0.0,0,0.0,0.0,0,52.43,2
2025-11-03,4.564,20.44,1,0.0,0.0,0,31.55,2
2025-11-04,6.455,32.29,3,0.0,0.0,0,32.29,3
2025-11-05,10.138,44.51,2,0.0,0.0,0,44.51,2
2025-11-06,7.243,32.58,1,0.0,0.0,0,32.58,1
2025-11-07,7.276,30.37,1,0.0,0.0,0,30.37,1
2025-11-08,9.024,41.0,1,0.0,0.0,0,63.61,3
2025-11-09,0.0,0.0,0,0.0,0.0,0,31.72,1
2025-11-10,10.015,42.98,1,0.0,0.0,0,88.53,3
2025-11-11,7.967,35.68,2,0.0,0.0,0,35.68,2
2025-11-12,8.025,37.09,1,0.0,0.0,0,68.17,3
2025-11-13,10.019,39.5,1,0.0,0.0,0,78.9,3
2025-11-14,8.453,41.83,3,0.0,0.0,0,41.83,3
2025-11-15,9.026,40.45,1,0.0,0.0,0,52.38,2
2025-11-16,0.0,0.0,0,0.0,0.0,0,15.18,1
2025-11-17,9.335,43.78,1,0.0,0.0,0,43.78,1
2025-11-18,10.975,47.83,3,0.0,0.0,0,47.83,3
2025-11-19,3.797,17.22,1,0.0,0.0,0,18.6,2
2025-11-20,9.802,43.24,1,0.0,0.0,0,43.24,1
2025-11-21,10.126,45.1,3,0.0,0.0,0,45.1,3
2025-11-22,10.203,46.96,1,0.0,0.0,0,61.84,2
2025-11-23,0.0,0.0,0,0.0,0.0,0,35.41,1
2025-11-24,12.289,52.59,2,0.0,0.0,0,52.59,2
2025-11-25,12.171,52.74,3,0.0,0.0,0,52.74,3
2025-11-26,8.328,35.4,1,0.0,0.0,0,65.52,3
2025-11-27,9.689,46.65,3,0.0,0.0,0,46.65,3
2025-11-28,9.021,43.4,1,0.0,0.0,0,43.4,1
2025-11-29,11.313,51.95,1,0.0,0.0,0,51.95,1
2025-11-30,0.0,0.0,0,0.0,0.0,0,77.81,4
2025-12-01,11.071,54.65,3,0.0,0.0,0,84.39,4
2025-12-02,7.241,30.58,1,0.0,0.0,0,67.96,3
2025-12-03,13.468,58.01,3,0.0,0.0,0,58.01,3
2025-12-04,10.244,47.13,1,0.0,0.0,0,71.74,2
2025-12-05,9.981,39.52,3,0.0,0.0,0,39.52,3
2025-12-06,12.017,55.93,1,12.068,49.46,1,114.78,3
2025-12-08,11.128,50.71,3,0.0,0.0,0,81.85,5
2025-12-09,10.58,45.5,1,0.0,0.0,0,48.39,2
2025-12-10,13.045,53.19,3,0.0,0.0,0,53.19,3
2025-12-11,10.034,46.33,1,0.0,0.0,0,46.33,1
2025-12-12,10.946,44.25,3,0.0,0.0,0,44.25,3
2025-12-13,10.844,59.27,1,0.0,0.0,0,59.27,1
2025-12-14,0.0,0.0,0,0.0,0.0,0,48.7,1
2025-12-15,13.281,55.32,3,0.0,0.0,0,55.32,3
2025-12-16,10.07,42.8,1,0.0,0.0,0,64.68,3
2025-12-17,9.641,45.52,3,0.0,0.0,0,73.24,4
2025-12-18,6.061,30.5,1,0.0,0.0,0,56.83,2
2025-12-19,10.506,48.41,1,0.0,0.0,0,48.41,1
2025-12-20,9.379,42.38,3,0.0,0.0,0,53.01,4
2025-12-21,10.069,47.47,1,0.0,0.0,0,82.49,3
2025-12-22,14.523,61.19,3,0.0,0.0,0,61.19,3
2025-12-23,11.016,50.02,1,0.0,0.0,0,94.93,2
2025-12-24,8.574,36.19,2,0.0,0.0,0,82.19,4
2025-12-26,11.049,56.77,1,0.0,0.0,0,56.77,1
2025-12-27,12.242,53.08,3,0.0,0.0,0,84.65,4
2025-12-29,6.544,30.02,1,0.0,0.0,0,30.02,1
2026-01-01,4.691,20.5,1,0.0,0.0,0,20.5,1
2026-01-02,0.0,0.0,0,0.0,0.0,0,26.13,1
2026-01-05,0.0,0.0,0,0.0,0.0,0,45.85,1
2026-01-06,0.0,0.0,0,0.0,0.0,0,9.61,1
2026-01-08,0.0,0.0,0,25.032,72.03,1,72.03,1
2026-01-09,0.0,0.0,0,21.428,71.7,1,71.7,1
2026-01-10,0.0,0.0,0,29.053,78.5,3,78.5,3
2026-01-11,0.0,0.0,0,41.818,120.8,1,155.08,2
2026-01-12,0.0,0.0,0,0.0,62.04,2,62.04,2
2026-01-13,0.0,0.0,0,23.631,61.33,2,103.79,3
2026-01-14,0.0,0.0,0,0.0,25.79,2,30.99,3
2026-01-15,0.0,0.0,0,35.098,93.5,1,123.79,2
2026-01-16,0.0,0.0,0,35.515,94.51,1,94.51,1
2026-01-17,0.0,0.0,0,24.707,67.73,1,67.73,1
2026-01-18,0.0,0.0,0,51.696,150.68,1,162.23,2
2026-01-19,0.0,0.0,0,0.0,0.0,0,23.37,1
2026-01-20,0.0,0.0,0,29.745,86.7,1,86.7,1
2026-01-21,0.0,0.0,0,0.0,82.35,1,82.35,1
2026-01-22,0.0,0.0,0,13.135,37.85,1,37.85,1
2026-01-23,0.0,0.0,0,26.385,78.15,1,97.58,2
2026-01-24,0.0,0.0,0,0.0,63.47,1,63.47,1
2026-01-25,0.0,0.0,0,0.0,72.01,1,85.05,2
2026-01-26,0.0,0.0,0,0.0,99.17,1,99.17,1
2026-01-27,0.0,0.0,0,35.089,99.66,1,128.8,2
2026-01-28,0.0,0.0,0,0.0,60.01,1,80.89,2
2026-01-29,0.0,0.0,0,0.0,101.34,1,119.07,2
2026-01-30,0.0,0.0,0,0.0,0.0,0,34.91,1
2026-01-31,0.0,0.0,0,29.565,86.29,1,96.78,2
2026-02-01,1.64,11.24,1,0.0,0.0,0,11.24,1
2026-02-02,0.0,0.0,0,0.0,0.0,0,24.69,2
2026-02-03,1.858,12.39,1,0.0,0.0,0,12.39,1
2026-02-04,0.0,0.0,0,0.0,62.01,1,74.75,2
2026-02-05,3.337,19.38,1,0.0,0.0,0,19.38,1
2026-02-06,0.0,0.0,0,0.0,47.61,1,56.8,2
2026-02-08,2.369,14.82,1,0.0,0.0,0,14.82,1
2026-02-09,2.339,13.14,1,0.0,0.0,0,13.14,1
2026-02-10,0.0,0.0,0,0.0,0.0,0,27.01,1
2026-02-11,1.388,8.23,1,0.0,0.0,0,8.23,1
2026-02-13,3.279,19.13,1,0.0,0.0,0,29.24,2
2026-02-16,3.45,21.29,1,0.0,0.0,0,21.29,1
2026-02-17,2.893,15.15,1,0.0,0.0,0,50.6,3
2026-02-18,0.0,0.0,0,36.535,99.62,1,99.62,1
2026-02-19,0.0,0.0,0,0.0,0.0,0,23.19,2
2026-02-20,3.076,14.05,1,0.0,0.0,0,14.05,1
2026-02-21,0.0,0.0,0,34.159,87.38,1,94.48,2
2026-02-22,3.395,14.6,1,0.0,0.0,0,52.72,3
2026-02-23,0.0,0.0,0,34.858,93.65,1,154.24,3
2026-02-24,3.766,16.42,1,0.0,0.0,0,56.17,3
2026-02-25,0.0,0.0,0,25.97,72.67,1,90.86,2
2026-02-26,4.849,20.36,1,0.0,0.0,0,20.36,1
2026-02-27,0.0,0.0,0,35.344,94.24,1,123.36,3
2026-02-28,3.36,16.1,1,0.0,0.0,0,16.1,1
2026-03-01,0.0,0.0,0,30.185,79.83,1,108.61,3
2026-03-02,4.342,19.84,1,0.0,0.0,0,34.2,2
2026-03-04,4.101,19.6,1,0.0,0.0,0,19.6,1
2026-03-05,0.0,0.0,0,0.0,0.0,0,23.14,1
2026-03-06,5.429,23.11,1,0.0,0.0,0,23.11,1
2026-03-07,0.0,0.0,0,0.0,0.0,0,10.08,1
2026-03-08,3.698,19.63,1,0.0,0.0,0,61.45,2
2026-03-09,2.087,10.35,4,0.0,0.0,0,23.57,5
2026-03-10,5.041,22.76,1,0.0,0.0,0,22.76,1
2026-03-11,0.393,2.63,1,0.0,0.0,0,27.34,2
2026-03-12,6.222,28.3,1,0.0,0.0,0,28.3,1
2026-03-13,0.443,2.63,1,29.779,81.51,1,128.59,4
2026-03-14,5.764,27.42,1,0.0,0.0,0,50.31,3
2026-03-15,0.471,2.67,1,0.0,0.0,0,58.41,2
2026-03-16,7.293,31.85,1,0.0,0.0,0,39.78,2
2026-03-18,6.212,30.73,1,0.0,0.0,0,66.44,3
2026-03-19,0.0,0.0,0,27.705,73.87,1,84.44,2
2026-03-20,6.818,31.65,2,0.0,0.0,0,31.65,2
2026-03-22,7.46,36.1,2,0.0,0.0,0,46.46,3
2026-03-23,0.0,0.0,0,0.0,0.0,0,34.52,2
2026-03-24,7.886,33.53,1,0.0,0.0,0,62.63,3
2026-03-25,6.23,27.58,2,0.0,0.0,0,50.73,3
2026-03-26,0.0,0.0,0,0.0,40.1,1,48.26,2
2026-03-27,6.819,32.81,2,0.0,0.0,0,38.47,3
2026-03-28,7.991,36.57,3,0.0,0.0,0,46.79,4
2026-03-29,0.0,0.0,0,32.985,90.64,1,125.53,3
2026-03-30,6.555,27.86,2,0.0,0.0,0,42.01,3
2026-03-31,7.57,33.98,1,0.0,0.0,0,42.9,2
2026-04-01,0.0,0.0,0,29.538,82.38,1,86.98,2
2026-04-02,7.784,30.93,1,0.0,0.0,0,51.98,2
2026-04-03,7.3,36.54,2,0.0,0.0,0,36.54,2
2026-04-04,0.0,0.0,0,26.186,73.13,1,80.57,2
2026-04-05,6.342,30.26,2,0.0,0.0,0,30.26,2
2026-04-06,6.445,30.56,1,0.0,0.0,0,41.89,2
2026-04-07,8.62,37.63,3,0.0,0.0,0,96.36,5
2026-04-08,0.0,0.0,0,29.795,83.3,1,92.55,2
2026-04-09,9.023,36.46,1,0.0,0.0,0,62.07,3
2026-04-10,8.06,41.98,2,0.0,0.0,0,41.98,2
2026-04-11,6.313,29.99,1,0.0,0.0,0,62.71,3
2026-04-12,0.0,0.0,0,29.75,78.58,1,78.58,1
2026-04-13,8.923,39.15,2,0.0,0.0,0,72.61,3
2026-04-14,8.303,37.92,1,0.0,0.0,0,93.81,4
2026-04-15,0.0,0.0,0,29.86,81.23,1,84.07,2
2026-04-16,8.173,41.47,3,0.0,0.0,0,41.47,3
2026-04-17,8.715,43.02,1,0.0,0.0,0,43.02,1
2026-04-18,4.746,29.72,2,0.0,0.0,0,52.28,3
2026-04-19,0.0,0.0,0,0.0,0.0,0,15.67,1
2026-04-20,6.025,28.64,1,0.0,0.0,0,56.88,3
2026-04-21,10.177,44.13,1,0.0,0.0,0,83.96,3
2026-04-22,8.536,42.2,2,22.645,58.92,2,137.53,5
2026-04-23,7.77,36.99,1,0.0,0.0,0,61.06,2
2026-04-24,9.378,36.48,2,23.742,59.94,2,118.25,5
2026-04-25,0.0,0.0,0,34.562,90.74,1,102.21,2
2026-04-26,7.36,34.89,1,0.0,0.0,0,70.97,3
2026-04-27,10.863,49.14,3,11.011,36.71,1,98.74,5
2026-04-28,8.017,38.28,1,0.0,0.0,0,80.99,3
2026-04-29,0.0,0.0,0,0.0,45.01,1,75.04,3
2026-04-30,6.665,33.8,2,0.0,0.0,0,33.8,2
2026-05-01,7.473,29.84,3,0.0,0.0,0,29.84,3
2026-05-02,0.0,0.0,0,38.084,98.25,1,145.29,3
2026-05-03,6.207,28.09,1,0.0,0.0,0,46.91,2
2026-05-04,10.542,48.9,3,0.0,0.0,0,65.72,4
2026-05-05,9.483,40.7,1,0.0,0.0,0,76.55,3
2026-05-06,8.435,40.86,1,0.0,0.0,0,76.63,2
2026-05-07,8.191,41.62,3,0.0,0.0,0,41.62,3
2026-05-08,0.0,0.0,0,30.809,84.51,1,86.97,2
2026-05-09,10.104,45.95,1,0.0,0.0,0,104.97,3
2026-05-10,7.984,45.47,2,0.0,0.0,0,45.47,2
2026-05-11,9.748,44.94,1,0.0,0.0,0,86.15,3
2026-05-12,10.481,43.21,3,0.0,0.0,0,77.42,4
2026-05-13,0.0,0.0,0,23.038,64.52,1,94.66,3
2026-05-14,7.176,34.4,1,0.0,0.0,0,43.71,2
2026-05-15,0.0,0.0,0,0.0,0.0,0,23.71,1
2026-05-16,6.732,34.39,2,0.0,0.0,0,34.39,2
2026-05-17,8.593,33.1,3,0.0,0.0,0,45.35,4
2026-05-18,0.0,0.0,0,30.068,83.32,1,145.76,3
2026-05-19,10.186,46.86,1,0.0,0.0,0,46.86,1
2026-05-20,7.923,37.22,2,0.0,0.0,0,37.22,2
2026-05-21,8.929,45.04,2,0.0,0.0,0,55.2,3
2026-05-22,8.714,39.68,3,0.0,0.0,0,68.58,4
2026-05-23,0.0,0.0,0,32.938,84.8,1,120.06,3
2026-05-24,9.023,41.41,1,0.0,0.0,0,41.41,1
2026-05-25,11.423,51.9,3,0.0,0.0,0,81.5,4
2026-05-26,8.449,38.95,1,0.0,0.0,0,78.55,3
2026-05-27,0.0,0.0,0,26.26,73.81,1,108.66,3
2026-05-28,0.0,0.0,0,0.0,0.0,0,7.01,1
2026-05-29,6.733,34.4,2,0.0,0.0,0,34.4,2
2026-05-30,9.075,36.62,3,0.0,0.0,0,36.62,3
2026-05-31,0.0,0.0,0,20.344,71.19,2,71.19,2
2026-06-01,10.103,49.98,3,0.0,0.0,0,84.0,4
2026-06-02,8.683,40.72,1,0.0,0.0,0,77.28,4
2026-06-03,9.662,43.91,3,0.0,0.0,0,43.91,3
