athlete_id,race_date,fidal_event,race_name,distance_m,official_time_seconds,official_time_text,official_performance_raw,surface_type,timing_type,category,placement,wind,city,source,source_url,analysis_scope,include_in_race_context,notes,confidence_level
single_athlete_001,2019-04-27,60 Hs H 60,60 Hs H 60 - Scorze',60,12.01,12.01,12.01,Pista,Elettrico,RM,3 se- 4,,Scorze',FIDAL athlete profile,https://www.fidal.it/atleta/BERTOLDO+Andrea/eK2Rk5OmaWM%3D,sprint_middle,yes,,high
single_athlete_001,2019-04-27,Vortex,Vortex - Scorze',,21.52,21.52,21.52,Pista,,RM,10 se- 2,,Scorze',FIDAL athlete profile,https://www.fidal.it/atleta/BERTOLDO+Andrea/eK2Rk5OmaWM%3D,field_or_multi_event,no,Stored in FIDAL results inventory but excluded from race-context windows because it is not a timed running/race-walk performance.,high
single_athlete_001,2019-06-02,60 Hs H 60,60 Hs H 60 - Martellago,60,12.3,12.3,12.3,Pista,Manuale,RM,5 se- 4,,Martellago,FIDAL athlete profile,https://www.fidal.it/atleta/BERTOLDO+Andrea/eK2Rk5OmaWM%3D,sprint_middle,yes,,high
single_athlete_001,2019-06-02,600 metri,600 metri - Martellago,600,129.6,2:09.6,2:09.6,Pista,Manuale,RM,6 se- 2,,Martellago,FIDAL athlete profile,https://www.fidal.it/atleta/BERTOLDO+Andrea/eK2Rk5OmaWM%3D,sprint_middle,yes,,high
single_athlete_001,2019-06-02,Salto in lungo/LJ,Salto in lungo/LJ - Martellago,,2.82,2.82,2.82,Pista,,RM,32 su- 1,,Martellago,FIDAL athlete profile,https://www.fidal.it/atleta/BERTOLDO+Andrea/eK2Rk5OmaWM%3D,field_or_multi_event,no,Stored in FIDAL results inventory but excluded from race-context windows because it is not a timed running/race-walk performance.,high
single_athlete_001,2019-06-02,TETRATHLON,TETRATHLON - Martellago,,938.0,938,938,Pista,,RM,32 su- 1,,Martellago,FIDAL athlete profile,https://www.fidal.it/atleta/BERTOLDO+Andrea/eK2Rk5OmaWM%3D,field_or_multi_event,no,Stored in FIDAL results inventory but excluded from race-context windows because it is not a timed running/race-walk performance.,high
single_athlete_001,2019-06-02,Vortex,Vortex - Martellago,,18.82,18.82,18.82,Pista,,RM,38 su- 1,,Martellago,FIDAL athlete profile,https://www.fidal.it/atleta/BERTOLDO+Andrea/eK2Rk5OmaWM%3D,field_or_multi_event,no,Stored in FIDAL results inventory but excluded from race-context windows because it is not a timed running/race-walk performance.,high
single_athlete_001,2019-06-04,1000 metri,1000 metri - Martellago,1000,219.0,3:39.0,3:39.0,Pista,Manuale,RM,9 su- 1,,Martellago,FIDAL athlete profile,https://www.fidal.it/atleta/BERTOLDO+Andrea/eK2Rk5OmaWM%3D,endurance,yes,,high
single_athlete_001,2019-06-04,60 Hs H 60,60 Hs H 60 - Martellago,60,11.6,11.6,11.6,Pista,Manuale,RM,3 se- 1,,Martellago,FIDAL athlete profile,https://www.fidal.it/atleta/BERTOLDO+Andrea/eK2Rk5OmaWM%3D,sprint_middle,yes,,high
single_athlete_001,2019-06-11,Marcia 2000m,Marcia 2000m - Marcon,2000,1056.64,17:36.64,17:36.64,Pista,Elettrico,RM,2 su- 1,,Marcon,FIDAL athlete profile,https://www.fidal.it/atleta/BERTOLDO+Andrea/eK2Rk5OmaWM%3D,race_walk,yes,,high
single_athlete_001,2020-07-11,60 piani,60 piani - Mestre,60,9.73,9.73,9.73,Pista,Elettrico,RM,2 se- 2,,Mestre,FIDAL athlete profile,https://www.fidal.it/atleta/BERTOLDO+Andrea/eK2Rk5OmaWM%3D,sprint_middle,yes,,high
single_athlete_001,2020-07-18,600 metri,600 metri - Noale,600,116.8,1:56.80,1:56.80,Pista,Elettrico,RM,6 su- 1,,Noale,FIDAL athlete profile,https://www.fidal.it/atleta/BERTOLDO+Andrea/eK2Rk5OmaWM%3D,sprint_middle,yes,,high
single_athlete_001,2020-07-25,1000 metri,1000 metri - Eraclea,1000,203.09,3:23.09,3:23.09,Pista,Elettrico,RM,2 se- 1,,Eraclea,FIDAL athlete profile,https://www.fidal.it/atleta/BERTOLDO+Andrea/eK2Rk5OmaWM%3D,endurance,yes,,high
single_athlete_001,2020-09-09,1000 metri,1000 metri - Mestre,1000,212.84,3:32.84,3:32.84,Pista,Elettrico,RM,6 se- 1,,Mestre,FIDAL athlete profile,https://www.fidal.it/atleta/BERTOLDO+Andrea/eK2Rk5OmaWM%3D,endurance,yes,,high
single_athlete_001,2020-10-04,1000 metri,1000 metri - Grumolo Delle Abbadesse,1000,199.0,3:19.0,3:19.0,Pista,Manuale,RM,6 se- 2,,Grumolo Delle Abbadesse,FIDAL athlete profile,https://www.fidal.it/atleta/BERTOLDO+Andrea/eK2Rk5OmaWM%3D,endurance,yes,,high
single_athlete_001,2021-04-25,2000 metri,2000 metri - Venezia,2000,444.39,7:24.39,7:24.39,Pista,Elettrico,CM,4 su- 1,,Venezia,FIDAL athlete profile,https://www.fidal.it/atleta/BERTOLDO+Andrea/eK2Rk5OmaWM%3D,endurance,yes,,high
single_athlete_001,2021-05-01,1000 metri,1000 metri - Venezia,1000,189.95,3:09.95,3:09.95,Pista,Elettrico,CM,10 su- 1,,Venezia,FIDAL athlete profile,https://www.fidal.it/atleta/BERTOLDO+Andrea/eK2Rk5OmaWM%3D,endurance,yes,,high
single_athlete_001,2021-05-08,2000 metri,2000 metri - Eraclea,2000,429.67,7:09.67,7:09.67,Pista,Elettrico,CM,7 su- 1,,Eraclea,FIDAL athlete profile,https://www.fidal.it/atleta/BERTOLDO+Andrea/eK2Rk5OmaWM%3D,endurance,yes,,high
single_athlete_001,2021-05-15,1000 metri,1000 metri - Venezia,1000,203.66,3:23.66,3:23.66,Pista,Elettrico,CM,11 se- 1,,Venezia,FIDAL athlete profile,https://www.fidal.it/atleta/BERTOLDO+Andrea/eK2Rk5OmaWM%3D,endurance,yes,,high
single_athlete_001,2021-05-16,300 piani,300 piani - Venezia,300,46.81,46.81,46.81,Pista,Elettrico,CM,2 se- 2,,Venezia,FIDAL athlete profile,https://www.fidal.it/atleta/BERTOLDO+Andrea/eK2Rk5OmaWM%3D,sprint_middle,yes,,high
single_athlete_001,2021-06-05,1000 metri,1000 metri - Venezia,1000,186.53,3:06.53,3:06.53,Pista,Elettrico,CM,4 su- 1,,Venezia,FIDAL athlete profile,https://www.fidal.it/atleta/BERTOLDO+Andrea/eK2Rk5OmaWM%3D,endurance,yes,,high
single_athlete_001,2021-06-12,1000 metri,1000 metri - Noale,1000,206.25,3:26.25,3:26.25,Pista,Elettrico,CM,5 su- 1,,Noale,FIDAL athlete profile,https://www.fidal.it/atleta/BERTOLDO+Andrea/eK2Rk5OmaWM%3D,endurance,yes,,high
single_athlete_001,2021-08-28,2000 metri,2000 metri - Venezia,2000,431.07,7:11.07,7:11.07,Pista,Elettrico,CM,5 su- 1,,Venezia,FIDAL athlete profile,https://www.fidal.it/atleta/BERTOLDO+Andrea/eK2Rk5OmaWM%3D,endurance,yes,,high
single_athlete_001,2021-10-09,1000 metri,1000 metri - Venezia,1000,186.6,3:06.60,3:06.60,Pista,Elettrico,CM,4 su- 1,,Venezia,FIDAL athlete profile,https://www.fidal.it/atleta/BERTOLDO+Andrea/eK2Rk5OmaWM%3D,endurance,yes,,high
single_athlete_001,2022-04-24,1000 metri,1000 metri - Venezia,1000,191.11,3:11.11,3:11.11,Pista,Elettrico,CM,5 su- 1,,Venezia,FIDAL athlete profile,https://www.fidal.it/atleta/BERTOLDO+Andrea/eK2Rk5OmaWM%3D,endurance,yes,,high
single_athlete_001,2022-04-30,1000 metri,1000 metri - Caorle,1000,197.12,3:17.12,3:17.12,Pista,Elettrico,CM,8 se- 1,,Caorle,FIDAL athlete profile,https://www.fidal.it/atleta/BERTOLDO+Andrea/eK2Rk5OmaWM%3D,endurance,yes,,high
single_athlete_001,2022-05-01,300 piani,300 piani - Caorle,300,44.75,44.75,44.75,Pista,Elettrico,CM,3 se- 2,,Caorle,FIDAL athlete profile,https://www.fidal.it/atleta/BERTOLDO+Andrea/eK2Rk5OmaWM%3D,sprint_middle,yes,,high
single_athlete_001,2022-06-02,1000 metri,1000 metri - Verona,1000,178.82999999999998,2:58.83,2:58.83,Pista,Elettrico,CM,3 su- 1,,Verona,FIDAL athlete profile,https://www.fidal.it/atleta/BERTOLDO+Andrea/eK2Rk5OmaWM%3D,endurance,yes,,high
single_athlete_001,2022-06-11,1000 metri,1000 metri - Caorle,1000,182.6,3:02.60,3:02.60,Pista,Elettrico,CM,8 su- 1,,Caorle,FIDAL athlete profile,https://www.fidal.it/atleta/BERTOLDO+Andrea/eK2Rk5OmaWM%3D,endurance,yes,,high
single_athlete_001,2022-06-12,300 piani,300 piani - Caorle,300,43.23,43.23,43.23,Pista,Elettrico,CM,2 se- 2,,Caorle,FIDAL athlete profile,https://www.fidal.it/atleta/BERTOLDO+Andrea/eK2Rk5OmaWM%3D,sprint_middle,yes,,high
single_athlete_001,2022-06-25,1000 metri,1000 metri - Feltre,1000,181.18,3:01.18,3:01.18,Pista,Elettrico,CM,9 se- 1,,Feltre,FIDAL athlete profile,https://www.fidal.it/atleta/BERTOLDO+Andrea/eK2Rk5OmaWM%3D,endurance,yes,,high
single_athlete_001,2022-07-10,1000 metri,1000 metri - Grumolo Delle Abbadesse,1000,178.84,2:58.84,2:58.84,Pista,Elettrico,CM,4 su- 1,,Grumolo Delle Abbadesse,FIDAL athlete profile,https://www.fidal.it/atleta/BERTOLDO+Andrea/eK2Rk5OmaWM%3D,endurance,yes,,high
single_athlete_001,2022-08-26,2000 metri,2000 metri - Venezia,2000,394.37,6:34.37,6:34.37,Pista,Elettrico,CM,4 su- 1,,Venezia,FIDAL athlete profile,https://www.fidal.it/atleta/BERTOLDO+Andrea/eK2Rk5OmaWM%3D,endurance,yes,,high
single_athlete_001,2022-09-17,1000 metri,1000 metri - Venezia,1000,176.12,2:56.12,2:56.12,Pista,Elettrico,CM,2 se- 3,,Venezia,FIDAL athlete profile,https://www.fidal.it/atleta/BERTOLDO+Andrea/eK2Rk5OmaWM%3D,endurance,yes,,high
single_athlete_001,2022-09-18,2000 metri,2000 metri - Venezia,2000,385.16,6:25.16,6:25.16,Pista,Elettrico,CM,7 se- 1,,Venezia,FIDAL athlete profile,https://www.fidal.it/atleta/BERTOLDO+Andrea/eK2Rk5OmaWM%3D,endurance,yes,,high
single_athlete_001,2023-04-01,3000 metri,3000 metri - Venezia,3000,611.12,10:11.12,10:11.12,Pista,Elettrico,AM,1 su- 1,,Venezia,FIDAL athlete profile,https://www.fidal.it/atleta/BERTOLDO+Andrea/eK2Rk5OmaWM%3D,endurance,yes,,high
single_athlete_001,2023-04-29,400 metri,400 metri - San Biagio Di Callalta,400,59.03,59.03,59.03,Pista,Elettrico,AM,4 se- 6,,San Biagio Di Callalta,FIDAL athlete profile,https://www.fidal.it/atleta/BERTOLDO+Andrea/eK2Rk5OmaWM%3D,sprint_middle,yes,,high
single_athlete_001,2023-05-01,3000 metri,3000 metri - Padova,3000,621.75,10:21.75,10:21.75,Pista,Elettrico,AM,6 se- 2,,Padova,FIDAL athlete profile,https://www.fidal.it/atleta/BERTOLDO+Andrea/eK2Rk5OmaWM%3D,endurance,yes,,high
single_athlete_001,2023-05-13,1500 metri,1500 metri - Padova,1500,275.28,4:35.28,4:35.28,Pista,Elettrico,AM,3 se- 5,,Padova,FIDAL athlete profile,https://www.fidal.it/atleta/BERTOLDO+Andrea/eK2Rk5OmaWM%3D,endurance,yes,,high
single_athlete_001,2023-05-27,1500 metri,1500 metri - Caorle,1500,270.99,4:30.99,4:30.99,Pista,Elettrico,AM,8 se- 3,,Caorle,FIDAL athlete profile,https://www.fidal.it/atleta/BERTOLDO+Andrea/eK2Rk5OmaWM%3D,endurance,yes,,high
single_athlete_001,2023-05-28,5000 metri,5000 metri - Caorle,5000,1093.91,18:13.91,18:13.91,Pista,Elettrico,AM,12 se- 2,,Caorle,FIDAL athlete profile,https://www.fidal.it/atleta/BERTOLDO+Andrea/eK2Rk5OmaWM%3D,endurance,yes,,high
single_athlete_001,2023-06-13,2000 siepi H84,2000 siepi H84 - Venezia,2000,412.1,6:52.10,6:52.10,Pista,Elettrico,AM,7 su- 1,,Venezia,FIDAL athlete profile,https://www.fidal.it/atleta/BERTOLDO+Andrea/eK2Rk5OmaWM%3D,endurance,yes,,high
single_athlete_001,2023-09-09,1500 metri,1500 metri - Venezia,1500,262.83,4:22.83,4:22.83,Pista,Elettrico,AM,12 se- 1,,Venezia,FIDAL athlete profile,https://www.fidal.it/atleta/BERTOLDO+Andrea/eK2Rk5OmaWM%3D,endurance,yes,,high
single_athlete_001,2023-09-10,3000 metri,3000 metri - Venezia,3000,583.52,9:43.52,9:43.52,Pista,Elettrico,AM,6 su- 1,,Venezia,FIDAL athlete profile,https://www.fidal.it/atleta/BERTOLDO+Andrea/eK2Rk5OmaWM%3D,endurance,yes,,high
single_athlete_001,2024-01-27,1500 metri,1500 metri - Padova,1500,270.8,4:30.80,4:30.80,Indoor,Elettrico,AM,6 se- 6,,Padova,FIDAL athlete profile,https://www.fidal.it/atleta/BERTOLDO+Andrea/eK2Rk5OmaWM%3D,endurance,yes,,high
single_athlete_001,2024-04-07,500 metri,500 metri - Mestre,500,73.94,1:13.94,1:13.94,Pista,Elettrico,AM,6 se- 2,,Mestre,FIDAL athlete profile,https://www.fidal.it/atleta/BERTOLDO+Andrea/eK2Rk5OmaWM%3D,sprint_middle,yes,,high
single_athlete_001,2024-04-14,Corsa 30' Allievi,Corsa 30' Allievi - Treviso,8154,1800.0,30:00,8154,Pista,Non specificato,AM,4 su- 1,,Treviso,FIDAL athlete profile,https://www.fidal.it/atleta/BERTOLDO+Andrea/eK2Rk5OmaWM%3D,endurance,yes,FIDAL performance is distance covered in 30 minutes: 8154 m.,high
single_athlete_001,2024-06-28,3000 metri,3000 metri - San Biagio Di Callalta,3000,592.8,9:52.80,9:52.80,Pista,Elettrico,AM,6 se- 2,,San Biagio Di Callalta,FIDAL athlete profile,https://www.fidal.it/atleta/BERTOLDO+Andrea/eK2Rk5OmaWM%3D,endurance,yes,,high
single_athlete_001,2024-07-27,5000 metri,5000 metri - Domegge Di Cadore,5000,1010.28,16:50.28,16:50.28,Pista,Elettrico,AM,5 su- 1,,Domegge Di Cadore,FIDAL athlete profile,https://www.fidal.it/atleta/BERTOLDO+Andrea/eK2Rk5OmaWM%3D,endurance,yes,,high
single_athlete_001,2024-08-03,3000 metri,3000 metri - Tolmezzo,3000,558.53,9:18.53,9:18.53,Pista,Elettrico,AM,2 su- 1,,Tolmezzo,FIDAL athlete profile,https://www.fidal.it/atleta/BERTOLDO+Andrea/eK2Rk5OmaWM%3D,endurance,yes,,high
single_athlete_001,2024-09-08,5000 metri,5000 metri - Bassano Del Grappa,5000,976.13,16:16.13,16:16.13,Pista,Elettrico,AM,5 su- 1,,Bassano Del Grappa,FIDAL athlete profile,https://www.fidal.it/atleta/BERTOLDO+Andrea/eK2Rk5OmaWM%3D,endurance,yes,,high
single_athlete_001,2024-09-15,corsa km 5 strada,corsa km 5 strada - Pordenone,5000,991.0,16:31,16:31,Strada,Manuale,AM,6 su- 1,,Pordenone,FIDAL athlete profile,https://www.fidal.it/atleta/BERTOLDO+Andrea/eK2Rk5OmaWM%3D,endurance,yes,,high
single_athlete_001,2024-10-06,Corsa strada Km 10,Corsa strada Km 10 - Arezzo,10000,2054.0,34:14,34:14,Strada,Manuale,AM,39 su- 1,,Arezzo,FIDAL athlete profile,https://www.fidal.it/atleta/BERTOLDO+Andrea/eK2Rk5OmaWM%3D,endurance,yes,,high
single_athlete_001,2025-01-18,3000 metri,3000 metri - Padova,3000,552.22,9:12.22,9:12.22,Indoor,Elettrico,JM,6 se- 4,,Padova,FIDAL athlete profile,https://www.fidal.it/atleta/BERTOLDO+Andrea/eK2Rk5OmaWM%3D,endurance,yes,,high
single_athlete_001,2025-02-09,3000 metri,3000 metri - Padova,3000,546.25,9:06.25,9:06.25,Indoor,Elettrico,JM,2 se- 4,,Padova,FIDAL athlete profile,https://www.fidal.it/atleta/BERTOLDO+Andrea/eK2Rk5OmaWM%3D,endurance,yes,,high
single_athlete_001,2025-05-10,1500 metri,1500 metri - San Biagio Di Callalta,1500,265.56,4:25.56,4:25.56,Pista,Elettrico,JM,7 se- 4,,San Biagio Di Callalta,FIDAL athlete profile,https://www.fidal.it/atleta/BERTOLDO+Andrea/eK2Rk5OmaWM%3D,endurance,yes,,high
single_athlete_001,2025-05-24,1500 metri,1500 metri - Valeggio Sul Mincio,1500,263.47,4:23.47,4:23.47,Pista,Elettrico,JM,4 se- 4,,Valeggio Sul Mincio,FIDAL athlete profile,https://www.fidal.it/atleta/BERTOLDO+Andrea/eK2Rk5OmaWM%3D,endurance,yes,,high
single_athlete_001,2025-06-29,5000 metri,5000 metri - Scorzè,5000,962.66,16:02.66,16:02.66,Pista,Elettrico,JM,5 su- 1,,Scorzè,FIDAL athlete profile,https://www.fidal.it/atleta/BERTOLDO+Andrea/eK2Rk5OmaWM%3D,endurance,yes,,high
single_athlete_001,2025-07-23,1500 metri,1500 metri - Montebelluna,1500,250.61,4:10.61,4:10.61,Pista,Elettrico,JM,1 se- 3,,Montebelluna,FIDAL athlete profile,https://www.fidal.it/atleta/BERTOLDO+Andrea/eK2Rk5OmaWM%3D,endurance,yes,,high
single_athlete_001,2025-08-23,800 metri,800 metri - Cles,800,125.66,2:05.66,2:05.66,Pista,Elettrico,JM,1 se- 3,,Cles,FIDAL athlete profile,https://www.fidal.it/atleta/BERTOLDO+Andrea/eK2Rk5OmaWM%3D,endurance,yes,,high
single_athlete_001,2025-09-06,1500 metri,1500 metri - Bassano Del Grappa,1500,255.27,4:15.27,4:15.27,Pista,Elettrico,JM,2 su- 1,,Bassano Del Grappa,FIDAL athlete profile,https://www.fidal.it/atleta/BERTOLDO+Andrea/eK2Rk5OmaWM%3D,endurance,yes,,high
single_athlete_001,2025-09-07,5000 metri,5000 metri - Bassano Del Grappa,5000,959.98,15:59.98,15:59.98,Pista,Elettrico,JM,1 su- 1,,Bassano Del Grappa,FIDAL athlete profile,https://www.fidal.it/atleta/BERTOLDO+Andrea/eK2Rk5OmaWM%3D,endurance,yes,,high
single_athlete_001,2025-09-28,5000 metri,5000 metri - Trieste,5000,954.2,15:54.20,15:54.20,Pista,Elettrico,JM,4 su- 1,,Trieste,FIDAL athlete profile,https://www.fidal.it/atleta/BERTOLDO+Andrea/eK2Rk5OmaWM%3D,endurance,yes,,high
single_athlete_001,2026-05-01,3000 metri,3000 metri - Este,3000,551.1,9:11.10,9:11.10,Pista,Elettrico,JM,11 se- 1,,Este,FIDAL athlete profile,https://www.fidal.it/atleta/BERTOLDO+Andrea/eK2Rk5OmaWM%3D,endurance,yes,,high
single_athlete_001,2026-05-17,5000 metri,5000 metri - Conegliano,5000,954.63,15:54.63,15:54.63,Pista,Elettrico,JM,2 se- 2,,Conegliano,FIDAL athlete profile,https://www.fidal.it/atleta/BERTOLDO+Andrea/eK2Rk5OmaWM%3D,endurance,yes,,high
single_athlete_001,2026-05-30,5000 metri,5000 metri - Borgo Valbelluna,5000,943.94,15:43.94,15:43.94,Pista,Elettrico,JM,1 se- 2,,Borgo Valbelluna,FIDAL athlete profile,https://www.fidal.it/atleta/BERTOLDO+Andrea/eK2Rk5OmaWM%3D,endurance,yes,,high
