source_image,metric_type,start_date,end_date,visible_date_range_text,y_axis_values,notes
IMG_6391.PNG,RHR,2025-06-06,2026-06-04,6 giu 2025 - 4 giu 2026,180 140 100 60,OCR metadata for screenshot graph digitization.
IMG_6392.PNG,RHR,2025-06-06,2026-06-04,6 giu 2025 - 4 giu 2026,180 140 100 60,OCR metadata for screenshot graph digitization.
IMG_6393.PNG,RHR,2024-06-07,2025-06-05,7 giu 2024 - 5 giu 2025,180 140 100 60,OCR metadata for screenshot graph digitization.
IMG_6394.PNG,RHR,2023-06-09,2024-06-06,9 giu 2023 - 6 giu 2024,180 140 100 60,OCR metadata for screenshot graph digitization.
IMG_6395.PNG,RHR,2022-06-10,2023-06-08,10 giu 2022 - 8 giu 2023,180 140 100 60,OCR metadata for screenshot graph digitization.
IMG_6396.PNG,HRV,2026-05-08,2026-06-04,8 mag - 4 giu,71 64 57 50,OCR metadata for screenshot graph digitization.
IMG_6397.PNG,HRV,2026-04-10,2026-05-07,10 apr - 7 mag,70 63 48,OCR metadata for screenshot graph digitization.
IMG_6398.PNG,HRV,2026-03-13,2026-04-09,13 mar - 9 apr,69 62 54 47,OCR metadata for screenshot graph digitization.
IMG_6399.PNG,HRV,2026-02-13,2026-03-12,13 feb - 12 mar,70 61 52 43,OCR metadata for screenshot graph digitization.
IMG_6400.PNG,HRV,2026-01-16,2026-02-12,16 gen - 12 feb,72 63 54 46,OCR metadata for screenshot graph digitization.
IMG_6401.PNG,HRV,2025-12-19,2026-01-15,19 dic 2025 - 15 gen 2026,74 66 58 50,OCR metadata for screenshot graph digitization.
IMG_6402.PNG,HRV,2025-11-21,2025-12-18,"21 nov - 18 dic, 2025",79 69 49,OCR metadata for screenshot graph digitization.
IMG_6403.PNG,HRV,2025-10-24,2025-11-20,"24 ott - 20 nov, 2025",82 72 62 52,OCR metadata for screenshot graph digitization.
IMG_6404.PNG,HRV,2025-09-26,2025-10-23,"26 set - 23 ott, 2025",82 71 61 51,OCR metadata for screenshot graph digitization.
IMG_6405.PNG,HRV,2025-08-29,2025-09-25,"29 ago - 25 set, 2025",81 71 61 52,OCR metadata for screenshot graph digitization.
IMG_6406.PNG,HRV,2025-08-29,2025-09-25,"29 ago - 25 set, 2025",81 71 61 52,OCR metadata for screenshot graph digitization.
IMG_6407.PNG,HRV,2025-08-01,2025-08-28,"1 ago-28, 2025",80 70 60 51,OCR metadata for screenshot graph digitization.
IMG_6408.PNG,HRV,2025-07-04,2025-07-31,"4 lug-31, 2025",76 66 56 46,OCR metadata for screenshot graph digitization.
IMG_6409.PNG,HRV,2025-06-06,2025-07-03,"6 giu - 3 lug, 2025",70 61 53 45,OCR metadata for screenshot graph digitization.
IMG_6410.PNG,HRV,2025-05-09,2025-06-05,"9 mag - 5 giu, 2025",63 57 51 45,OCR metadata for screenshot graph digitization.
IMG_6411.PNG,HRV,2025-04-11,2025-05-08,"11 apr - 8 mag, 2025",63 56 50 44,OCR metadata for screenshot graph digitization.
IMG_6412.PNG,HRV,2025-04-11,2025-05-08,"11 apr - 8 mag, 2025",63 56 50 44,OCR metadata for screenshot graph digitization.
IMG_6413.PNG,HRV,2025-03-14,2025-04-10,"14 mar - 10 apr, 2025",65 58 51 44,OCR metadata for screenshot graph digitization.
IMG_6414.PNG,HRV,2025-02-14,2025-03-13,"14 feb - 13 mar, 2025",,OCR metadata for screenshot graph digitization.
IMG_6415.PNG,HRV,2025-01-17,2025-02-13,"17 gen - 13 feb, 2025",63 57 51 46,OCR metadata for screenshot graph digitization.
IMG_6416.PNG,HRV,2024-12-20,2025-01-16,20 dic 2024 - 16 gen 2025,65 59 52 46,OCR metadata for screenshot graph digitization.
IMG_6417.PNG,HRV,2024-11-22,2024-12-19,"22 nov - 19 dic, 2024",67 60 46,OCR metadata for screenshot graph digitization.
IMG_6418.PNG,HRV,2024-10-25,2024-11-21,"25 ott - 21 nov, 2024",68 61 53 46,OCR metadata for screenshot graph digitization.
IMG_6419.PNG,HRV,2024-09-27,2024-10-24,"27 set - 24 ott, 2024",67 60 52 45,OCR metadata for screenshot graph digitization.
IMG_6420.PNG,HRV,2024-08-30,2024-09-26,"30 ago - 26 set, 2024",68 59 51 43,OCR metadata for screenshot graph digitization.
IMG_6421.PNG,HRV,2024-08-02,2024-08-29,"2 ago-29, 2024",,OCR metadata for screenshot graph digitization.
IMG_6422.PNG,HRV,2024-08-02,2024-08-29,"2 ago-29, 2024",68 60 53 46,OCR metadata for screenshot graph digitization.
IMG_6423.PNG,HRV,2024-07-05,2024-08-01,"5 lug - 1 ago, 2024",,OCR metadata for screenshot graph digitization.
IMG_6424.PNG,HRV,2024-07-05,2024-08-01,"5 lug - 1 ago, 2024",66 60 53 47,OCR metadata for screenshot graph digitization.
IMG_6425.PNG,HRV,2024-06-07,2024-07-04,"7 giu - 4 lug, 2024",66 59 52 46,OCR metadata for screenshot graph digitization.
IMG_6426.PNG,HRV,2024-05-10,2024-06-06,"10 mag - 6 giu, 2024",62 56 50 44,OCR metadata for screenshot graph digitization.
IMG_6427.PNG,HRV,2024-04-12,2024-05-09,"12 apr - 9 mag, 2024",61 54 48 42,OCR metadata for screenshot graph digitization.
IMG_6428.PNG,HRV,2024-03-15,2024-04-11,"15 mar - 11 apr, 2024",65 58 52 46,OCR metadata for screenshot graph digitization.
IMG_6429.PNG,HRV,2024-02-16,2024-03-14,"16 feb - 14 mar, 2024",63 57 50 44,OCR metadata for screenshot graph digitization.
IMG_6430.PNG,HRV,2024-01-19,2024-02-15,"19 gen - 15 feb, 2024",65 58 51 45,OCR metadata for screenshot graph digitization.
IMG_6431.PNG,HRV,2023-12-22,2024-01-18,22 dic 2023 - 18 gen 2024,66 57 48 39,OCR metadata for screenshot graph digitization.
IMG_6432.PNG,HRV,2023-11-24,2023-12-21,"24 nov - 21 dic, 2023",67 60 52 45,OCR metadata for screenshot graph digitization.
IMG_6433.PNG,HRV,2023-10-27,2023-11-23,"27 ott - 23 nov, 2023",66 58 50 42,OCR metadata for screenshot graph digitization.
IMG_6434.PNG,HRV,2023-09-29,2023-10-26,"29 set - 26 ott, 2023",66 59 52 45,OCR metadata for screenshot graph digitization.
IMG_6435.PNG,HRV,2023-09-01,2023-09-28,"1 set-28, 2023",64 57 51 44,OCR metadata for screenshot graph digitization.
IMG_6436.PNG,HRV,2023-08-04,2023-08-31,"4 ago-31, 2023",62 56 50 43,OCR metadata for screenshot graph digitization.
IMG_6437.PNG,HRV,2023-07-07,2023-08-03,"7 lug - 3 ago, 2023",62 56 50 44,OCR metadata for screenshot graph digitization.
IMG_6438.PNG,HRV,2023-06-09,2023-07-06,"9 giu - 6 lug, 2023",62 55 49 43,OCR metadata for screenshot graph digitization.
IMG_6439.PNG,HRV,2023-05-12,2023-06-08,"12 mag - 8 giu, 2023",60 54 48 43,OCR metadata for screenshot graph digitization.
IMG_6440.PNG,HRV,2023-04-14,2023-05-11,"14 apr - 11 mag, 2023",61 55 49 43,OCR metadata for screenshot graph digitization.
IMG_6441.PNG,HRV,2023-03-17,2023-04-13,"17 mar - 13 apr, 2023",64 56 48 39,OCR metadata for screenshot graph digitization.
IMG_6442.PNG,HRV,2023-02-17,2023-03-16,"17 feb - 16 mar, 2023",64 56 47 39,OCR metadata for screenshot graph digitization.
IMG_6443.PNG,HRV,2023-01-20,2023-02-16,"20 gen - 16 feb, 2023",61 52 44 36,OCR metadata for screenshot graph digitization.
IMG_6444.PNG,HRV,2022-12-23,2023-01-19,23 dic 2022 - 19 gen 2023,58 50 42 34,OCR metadata for screenshot graph digitization.
IMG_6445.PNG,HRV,2022-11-25,2022-12-22,"25 nov - 22 dic, 2022",57 51 45 39,OCR metadata for screenshot graph digitization.
IMG_6446.PNG,HRV,2022-10-28,2022-11-24,"28 ott - 24 nov, 2022",61 52 44 36,OCR metadata for screenshot graph digitization.
IMG_6447.PNG,HRV,2022-09-30,2022-10-27,"30 set - 27 ott, 2022",64 56 48 41,OCR metadata for screenshot graph digitization.
IMG_6448.PNG,HRV,2022-09-02,2022-09-29,"2 set-29, 2022",68 58 49 39,OCR metadata for screenshot graph digitization.
