athlete_id,race_date,race_name,fidal_event,distance_m,official_time_seconds,official_time_text,official_performance_raw,surface_type,timing_type,category,placement,city,source,source_url,analysis_scope,notes,pb_at_distance_seconds,relative_performance_pct,pace_sec_per_km,garmin_match_status,garmin_activity_type,garmin_sport_type,garmin_distance_km,garmin_moving_duration_min,garmin_time_seconds,garmin_distance_delta_m,garmin_time_delta_seconds,garmin_pace_sec_per_km,suspicious_mismatch_flag,garmin_match_notes,run_km_7d,run_km_14d,run_km_28d,run_km_56d,run_duration_min_7d,run_duration_min_14d,run_duration_min_28d,run_duration_min_56d,bike_duration_min_7d,bike_duration_min_28d,total_training_duration_min_7d,total_training_duration_min_28d,sleep_avg_hours_7d,sleep_avg_hours_14d,sleep_avg_hours_28d,sleep_need_avg_hours_7d,sleep_need_avg_hours_14d,sleep_need_avg_hours_28d,hrv_avg_7d,hrv_avg_14d,hrv_avg_28d,rhr_avg_7d,rhr_avg_14d,rhr_avg_28d,vo2max_nearest,acute_load_nearest,training_status_nearest,race_prediction_5k_nearest,race_prediction_10k_nearest,injury_flag,injury_notes,heat_or_weather_notes,tactical_race_flag,confidence_level
single_athlete_001,2023-04-01,3000 metri - Venezia,3000 metri,3000,611.12,10:11.12,10:11.12,Pista,Elettrico,AM,1 su- 1,Venezia,FIDAL athlete profile,https://www.fidal.it/atleta/BERTOLDO+Andrea/eK2Rk5OmaWM%3D,endurance,,,11.88,203.71,matched,track_running,RUNNING,3.01,10.16,609.6,10.0,-1.52,202.52,,Best same-day Garmin run selected by distance and duration closeness.,37.28,77.96,122.87,156.88,194.27,406.13,643.65,821.28,0.0,0.0,291.12,826.29,7.58,7.6,7.59,,,,,,,,,,67.0,660,MAINTAINING,1100,2361,,"No race-specific injury note found in the current vault. A 2026 lower-leg issue is documented, but dates are not precise enough to attach to this race.",,,high
single_athlete_001,2023-05-01,3000 metri - Padova,3000 metri,3000,621.75,10:21.75,10:21.75,Pista,Elettrico,AM,6 se- 2,Padova,FIDAL athlete profile,https://www.fidal.it/atleta/BERTOLDO+Andrea/eK2Rk5OmaWM%3D,endurance,,611.12,13.82,207.25,matched,track_running,RUNNING,3.01,10.32,619.2,10.0,-2.55,205.71,,Best same-day Garmin run selected by distance and duration closeness.,34.66,77.76,151.3,278.86,187.99,419.98,800.37,1463.76,0.0,0.0,294.54,1097.35,7.84,7.67,7.57,,,,,,,,,,67.0,641,MAINTAINING,1077,2321,,"No race-specific injury note found in the current vault. A 2026 lower-leg issue is documented, but dates are not precise enough to attach to this race.",,,high
single_athlete_001,2023-05-13,1500 metri - Padova,1500 metri,1500,275.28,4:35.28,4:35.28,Pista,Elettrico,AM,3 se- 5,Padova,FIDAL athlete profile,https://www.fidal.it/atleta/BERTOLDO+Andrea/eK2Rk5OmaWM%3D,endurance,,,9.84,183.52,matched,track_running,RUNNING,1.51,4.53,271.8,10.0,-3.48,180.0,,Best same-day Garmin run selected by distance and duration closeness.,55.63,88.45,163.22,319.41,285.95,442.95,848.97,1655.23,0.0,0.0,433.92,1275.76,7.42,7.44,7.53,,,,,,,,,,67.0,967,MAINTAINING,1054,2264,,"No race-specific injury note found in the current vault. A 2026 lower-leg issue is documented, but dates are not precise enough to attach to this race.",,,high
single_athlete_001,2023-05-27,1500 metri - Caorle,1500 metri,1500,270.99,4:30.99,4:30.99,Pista,Elettrico,AM,8 se- 3,Caorle,FIDAL athlete profile,https://www.fidal.it/atleta/BERTOLDO+Andrea/eK2Rk5OmaWM%3D,endurance,,275.28,8.13,180.66,matched,track_running,RUNNING,1.5,4.48,268.8,0.0,-2.19,179.2,,Best same-day Garmin run selected by distance and duration closeness.,45.23,91.59,180.04,333.04,260.72,496.51,939.46,1745.61,0.0,0.0,471.29,1557.84,7.47,7.59,7.51,,,,,,,,,,67.0,809,MAINTAINING,1027,2224,,"No race-specific injury note found in the current vault. A 2026 lower-leg issue is documented, but dates are not precise enough to attach to this race.",,,high
single_athlete_001,2023-05-28,5000 metri - Caorle,5000 metri,5000,1093.91,18:13.91,18:13.91,Pista,Elettrico,AM,12 se- 2,Caorle,FIDAL athlete profile,https://www.fidal.it/atleta/BERTOLDO+Andrea/eK2Rk5OmaWM%3D,endurance,,,15.89,218.78,matched,track_running,RUNNING,4.99,18.18,1090.8,-10.0,-3.11,218.6,,Best same-day Garmin run selected by distance and duration closeness.,50.95,92.19,182.77,334.07,288.25,499.56,953.03,1753.4,0.0,0.0,498.82,1571.41,7.61,7.62,7.54,,,,,,,,,,67.0,875,MAINTAINING,1030,2231,,"No race-specific injury note found in the current vault. A 2026 lower-leg issue is documented, but dates are not precise enough to attach to this race.",,,high
single_athlete_001,2023-06-13,2000 siepi H84 - Venezia,2000 siepi H84,2000,412.1,6:52.10,6:52.10,Pista,Elettrico,AM,7 su- 1,Venezia,FIDAL athlete profile,https://www.fidal.it/atleta/BERTOLDO+Andrea/eK2Rk5OmaWM%3D,endurance,,,0.0,206.05,matched,track_running,RUNNING,2.02,6.82,409.2,20.0,-2.9,202.57,,Best same-day Garmin run selected by distance and duration closeness.,44.47,97.41,181.7,362.68,235.88,525.86,989.93,1926.16,0.0,0.0,367.32,1603.86,7.71,7.68,7.64,,,,,,,,,,67.0,662,MAINTAINING,1063,2277,,"No race-specific injury note found in the current vault. A 2026 lower-leg issue is documented, but dates are not precise enough to attach to this race.",,,high
single_athlete_001,2023-09-09,1500 metri - Venezia,1500 metri,1500,262.83,4:22.83,4:22.83,Pista,Elettrico,AM,12 se- 1,Venezia,FIDAL athlete profile,https://www.fidal.it/atleta/BERTOLDO+Andrea/eK2Rk5OmaWM%3D,endurance,,270.99,4.88,175.22,matched,track_running,RUNNING,1.51,4.33,259.8,10.0,-3.03,172.05,,Best same-day Garmin run selected by distance and duration closeness.,50.92,107.11,193.32,417.58,243.47,544.04,1023.93,2272.28,0.0,0.0,314.06,1414.82,7.91,8.24,8.06,,,,,,,,,,67.0,937,MAINTAINING,1080,2302,,"No race-specific injury note found in the current vault. A 2026 lower-leg issue is documented, but dates are not precise enough to attach to this race.",,,high
single_athlete_001,2023-09-10,3000 metri - Venezia,3000 metri,3000,583.52,9:43.52,9:43.52,Pista,Elettrico,AM,6 su- 1,Venezia,FIDAL athlete profile,https://www.fidal.it/atleta/BERTOLDO+Andrea/eK2Rk5OmaWM%3D,endurance,,611.12,6.82,194.51,matched,track_running,RUNNING,3.01,9.7,582.0,10.0,-1.52,193.36,,Best same-day Garmin run selected by distance and duration closeness.,56.16,95.35,186.5,409.51,267.83,477.13,982.33,2225.22,0.0,0.0,338.42,1373.22,8.36,8.23,8.15,,,,,,,,,,67.0,938,MAINTAINING,1080,2302,,"No race-specific injury note found in the current vault. A 2026 lower-leg issue is documented, but dates are not precise enough to attach to this race.",,,high
single_athlete_001,2024-01-27,1500 metri - Padova,1500 metri,1500,270.8,4:30.80,4:30.80,Indoor,Elettrico,AM,6 se- 6,Padova,FIDAL athlete profile,https://www.fidal.it/atleta/BERTOLDO+Andrea/eK2Rk5OmaWM%3D,endurance,,262.83,8.06,180.53,matched,running,RUNNING,0.979,5.57,334.2,-521.0,63.4,341.37,yes,Best same-day Garmin run selected by distance and duration closeness. Distance or duration differs enough to require manual review.,42.86,89.35,182.61,402.57,224.4,457.72,930.57,2086.16,0.0,0.0,437.99,1614.03,8.07,7.8,7.85,,,,,,,,,,66.0,774,MAINTAINING,1064,2257,,"No race-specific injury note found in the current vault. A 2026 lower-leg issue is documented, but dates are not precise enough to attach to this race.",,,high
single_athlete_001,2024-04-14,Corsa 30' Allievi - Treviso,Corsa 30' Allievi,8154,1800.0,30:00,8154,Pista,Non specificato,AM,4 su- 1,Treviso,FIDAL athlete profile,https://www.fidal.it/atleta/BERTOLDO+Andrea/eK2Rk5OmaWM%3D,endurance,FIDAL performance is distance covered in 30 minutes: 8154 m.,,0.0,220.75,matched,track_running,RUNNING,8.16,30.0,1800.0,6.0,0.0,220.59,,Best same-day Garmin run selected by distance and duration closeness.,40.9,101.58,248.15,440.71,210.79,523.12,1291.11,2287.49,0.0,0.0,389.37,1866.7,6.84,7.48,7.73,,,,,,,,,,66.0,655,RECOVERY,1061,2255,,"No race-specific injury note found in the current vault. A 2026 lower-leg issue is documented, but dates are not precise enough to attach to this race.",,,high
single_athlete_001,2024-06-28,3000 metri - San Biagio Di Callalta,3000 metri,3000,592.8,9:52.80,9:52.80,Pista,Elettrico,AM,6 se- 2,San Biagio Di Callalta,FIDAL athlete profile,https://www.fidal.it/atleta/BERTOLDO+Andrea/eK2Rk5OmaWM%3D,endurance,,583.52,8.52,197.6,matched,track_running,RUNNING,3.0,9.83,589.8,0.0,-3.0,196.6,,Best same-day Garmin run selected by distance and duration closeness.,49.21,95.16,169.67,289.98,245.61,471.85,850.41,1482.91,168.26,365.16,666.94,2023.03,9.27,8.68,8.03,,,,,,,,,,65.0,895,MAINTAINING,1111,2370,,"No race-specific injury note found in the current vault. A 2026 lower-leg issue is documented, but dates are not precise enough to attach to this race.",,,high
single_athlete_001,2024-07-27,5000 metri - Domegge Di Cadore,5000 metri,5000,1010.28,16:50.28,16:50.28,Pista,Elettrico,AM,5 su- 1,Domegge Di Cadore,FIDAL athlete profile,https://www.fidal.it/atleta/BERTOLDO+Andrea/eK2Rk5OmaWM%3D,endurance,,1093.91,7.03,202.06,matched,track_running,RUNNING,5.0,16.79,1007.4,0.0,-2.88,201.48,,Best same-day Garmin run selected by distance and duration closeness.,69.62,118.45,228.85,402.99,365.67,643.87,1232.73,2101.93,0.0,139.14,652.52,2111.3,8.89,8.28,8.34,,,,,,,,,,65.0,935,MAINTAINING,1102,2323,,"No race-specific injury note found in the current vault. A 2026 lower-leg issue is documented, but dates are not precise enough to attach to this race.",,,high
single_athlete_001,2024-08-03,3000 metri - Tolmezzo,3000 metri,3000,558.53,9:18.53,9:18.53,Pista,Elettrico,AM,2 su- 1,Tolmezzo,FIDAL athlete profile,https://www.fidal.it/atleta/BERTOLDO+Andrea/eK2Rk5OmaWM%3D,endurance,,583.52,2.25,186.18,matched,track_running,RUNNING,3.03,9.27,556.2,30.0,-2.33,183.56,,Best same-day Garmin run selected by distance and duration closeness.,67.99,137.62,243.03,433.17,348.53,714.2,1291.28,2251.54,0.0,139.14,499.53,2178.88,7.85,8.37,8.19,,,,,,,,,,66.0,1004,MAINTAINING,1087,2295,,"No race-specific injury note found in the current vault. A 2026 lower-leg issue is documented, but dates are not precise enough to attach to this race.",,,high
single_athlete_001,2024-09-08,5000 metri - Bassano Del Grappa,5000 metri,5000,976.13,16:16.13,16:16.13,Pista,Elettrico,AM,5 su- 1,Bassano Del Grappa,FIDAL athlete profile,https://www.fidal.it/atleta/BERTOLDO+Andrea/eK2Rk5OmaWM%3D,endurance,,1010.28,3.41,195.23,matched,track_running,RUNNING,5.01,16.23,973.8,10.0,-2.33,194.37,,Best same-day Garmin run selected by distance and duration closeness.,51.95,122.24,243.72,515.35,259.02,602.4,1220.56,2668.42,0.0,0.0,390.68,1708.5,8.29,7.99,7.95,,,,,,,,,,66.0,725,PRODUCTIVE,997,2122,,"No race-specific injury note found in the current vault. A 2026 lower-leg issue is documented, but dates are not precise enough to attach to this race.",,,high
single_athlete_001,2024-09-15,corsa km 5 strada - Pordenone,corsa km 5 strada,5000,991.0,16:31,16:31,Strada,Manuale,AM,6 su- 1,Pordenone,FIDAL athlete profile,https://www.fidal.it/atleta/BERTOLDO+Andrea/eK2Rk5OmaWM%3D,endurance,,,0.0,198.2,matched,running,RUNNING,5.128,16.47,988.2,128.0,-2.8,192.71,,Best same-day Garmin run selected by distance and duration closeness.,70.2,122.15,258.26,538.94,341.02,600.04,1280.54,2742.71,0.0,0.0,526.87,1724.72,8.6,8.45,8.18,,,,,,,,,,67.0,909,PRODUCTIVE,964,2038,,"No race-specific injury note found in the current vault. A 2026 lower-leg issue is documented, but dates are not precise enough to attach to this race.",,,high
single_athlete_001,2024-10-06,Corsa strada Km 10 - Arezzo,Corsa strada Km 10,10000,2054.0,34:14,34:14,Strada,Manuale,AM,39 su- 1,Arezzo,FIDAL athlete profile,https://www.fidal.it/atleta/BERTOLDO+Andrea/eK2Rk5OmaWM%3D,endurance,,,0.0,205.4,matched,running,RUNNING,10.088,34.17,2050.2,88.0,-3.8,203.23,,Best same-day Garmin run selected by distance and duration closeness.,37.3,92.24,247.44,491.16,182.79,447.82,1197.32,2417.88,0.0,87.31,299.54,1861.89,8.63,7.99,8.0,,,,,,,,,,67.0,380,PEAKING,960,2029,,"No race-specific injury note found in the current vault. A 2026 lower-leg issue is documented, but dates are not precise enough to attach to this race.",,,high
single_athlete_001,2025-01-18,3000 metri - Padova,3000 metri,3000,552.22,9:12.22,9:12.22,Indoor,Elettrico,JM,6 se- 4,Padova,FIDAL athlete profile,https://www.fidal.it/atleta/BERTOLDO+Andrea/eK2Rk5OmaWM%3D,endurance,,558.53,1.09,184.07,matched,running,RUNNING,3.0,9.2,552.0,0.0,-0.22,184.0,,Best same-day Garmin run selected by distance and duration closeness.,61.23,119.21,268.6,538.25,297.33,586.12,1364.26,2664.77,0.0,0.0,495.82,1858.41,8.31,8.22,8.34,,,,,,,,,,68.0,727,MAINTAINING,958,2014,,"No race-specific injury note found in the current vault. A 2026 lower-leg issue is documented, but dates are not precise enough to attach to this race.",,,high
single_athlete_001,2025-02-09,3000 metri - Padova,3000 metri,3000,546.25,9:06.25,9:06.25,Indoor,Elettrico,JM,2 se- 4,Padova,FIDAL athlete profile,https://www.fidal.it/atleta/BERTOLDO+Andrea/eK2Rk5OmaWM%3D,endurance,,552.22,0.0,182.08,matched,running,RUNNING,3.136,14.73,883.8,136.0,337.55,281.82,yes,Best same-day Garmin run selected by distance and duration closeness. Distance or duration differs enough to require manual review.,59.33,120.21,264.03,530.86,281.81,586.04,1282.22,2652.82,0.0,0.0,389.99,1822.44,8.09,8.28,8.27,,,,,,,,,,68.0,618,MAINTAINING,970,2050,,"No race-specific injury note found in the current vault. A 2026 lower-leg issue is documented, but dates are not precise enough to attach to this race.",,,high
single_athlete_001,2025-05-10,1500 metri - San Biagio Di Callalta,1500 metri,1500,265.56,4:25.56,4:25.56,Pista,Elettrico,JM,7 se- 4,San Biagio Di Callalta,FIDAL athlete profile,https://www.fidal.it/atleta/BERTOLDO+Andrea/eK2Rk5OmaWM%3D,endurance,,262.83,5.97,177.04,matched,running,RUNNING,1.5,4.42,265.2,0.0,-0.36,176.8,,Best same-day Garmin run selected by distance and duration closeness.,64.21,119.39,215.8,419.71,323.55,611.02,1075.35,2043.05,0.0,0.0,479.23,1669.31,7.58,7.9,8.1,,,,,,,,,,68.0,864,STRAINED,963,2045,,"No race-specific injury note found in the current vault. A 2026 lower-leg issue is documented, but dates are not precise enough to attach to this race.",,,high
single_athlete_001,2025-05-24,1500 metri - Valeggio Sul Mincio,1500 metri,1500,263.47,4:23.47,4:23.47,Pista,Elettrico,JM,4 se- 4,Valeggio Sul Mincio,FIDAL athlete profile,https://www.fidal.it/atleta/BERTOLDO+Andrea/eK2Rk5OmaWM%3D,endurance,,262.83,5.13,175.65,matched,running,RUNNING,1.5,4.38,262.8,0.0,-0.67,175.2,,Best same-day Garmin run selected by distance and duration closeness.,54.08,112.69,232.07,443.28,263.87,537.83,1148.85,2155.38,42.7,42.7,455.34,1755.64,7.78,7.77,7.83,,,,,,,,,,68.0,911,MAINTAINING,989,2098,,"No race-specific injury note found in the current vault. A 2026 lower-leg issue is documented, but dates are not precise enough to attach to this race.",,,high
single_athlete_001,2025-06-29,5000 metri - Scorzè,5000 metri,5000,962.66,16:02.66,16:02.66,Pista,Elettrico,JM,5 su- 1,Scorzè,FIDAL athlete profile,https://www.fidal.it/atleta/BERTOLDO+Andrea/eK2Rk5OmaWM%3D,endurance,,976.13,1.98,192.53,matched,track_running,RUNNING,5.0,16.0,960.0,0.0,-2.66,192.0,,Best same-day Garmin run selected by distance and duration closeness.,45.27,122.18,250.31,456.14,214.37,574.62,1194.39,2185.76,0.0,86.28,335.45,1647.42,8.83,8.62,8.2,,,,,,,,,,68.0,891,MAINTAINING,991,2101,,"No race-specific injury note found in the current vault. A 2026 lower-leg issue is documented, but dates are not precise enough to attach to this race.",,,high
single_athlete_001,2025-07-23,1500 metri - Montebelluna,1500 metri,1500,250.61,4:10.61,4:10.61,Pista,Elettrico,JM,1 se- 3,Montebelluna,FIDAL athlete profile,https://www.fidal.it/atleta/BERTOLDO+Andrea/eK2Rk5OmaWM%3D,endurance,,262.83,0.0,167.07,matched,track_running,RUNNING,1.51,4.18,250.8,10.0,0.19,166.09,,Best same-day Garmin run selected by distance and duration closeness.,70.52,141.01,234.88,492.0,337.19,674.94,1109.5,2333.83,0.0,53.2,454.52,1857.76,8.48,8.34,8.24,,,,,,,,,,70.0,982,PRODUCTIVE,953,2011,,"No race-specific injury note found in the current vault. A 2026 lower-leg issue is documented, but dates are not precise enough to attach to this race.",,,high
single_athlete_001,2025-08-23,800 metri - Cles,800 metri,800,125.66,2:05.66,2:05.66,Pista,Elettrico,JM,1 se- 3,Cles,FIDAL athlete profile,https://www.fidal.it/atleta/BERTOLDO+Andrea/eK2Rk5OmaWM%3D,endurance,,,0.0,157.07,matched,track_running,RUNNING,0.776,2.08,124.8,-24.0,-0.86,160.82,,Best same-day Garmin run selected by distance and duration closeness.,64.23,137.01,278.53,526.92,348.75,699.2,1378.66,2545.54,0.0,265.68,477.65,2319.59,8.38,8.43,8.44,,,,,,,,,,69.0,758,RECOVERY,956,2022,,"No race-specific injury note found in the current vault. A 2026 lower-leg issue is documented, but dates are not precise enough to attach to this race.",,,high
single_athlete_001,2025-09-06,1500 metri - Bassano Del Grappa,1500 metri,1500,255.27,4:15.27,4:15.27,Pista,Elettrico,JM,2 su- 1,Bassano Del Grappa,FIDAL athlete profile,https://www.fidal.it/atleta/BERTOLDO+Andrea/eK2Rk5OmaWM%3D,endurance,,250.61,1.86,170.18,matched,track_running,RUNNING,1.488,4.23,253.8,-12.0,-1.47,170.56,,Best same-day Garmin run selected by distance and duration closeness.,42.03,121.16,258.17,526.83,199.06,562.38,1261.58,2538.41,0.0,172.06,430.24,2002.53,8.05,8.34,8.38,,,,,,,,,,70.0,777,MAINTAINING,960,2039,,"No race-specific injury note found in the current vault. A 2026 lower-leg issue is documented, but dates are not precise enough to attach to this race.",,,high
single_athlete_001,2025-09-07,5000 metri - Bassano Del Grappa,5000 metri,5000,959.98,15:59.98,15:59.98,Pista,Elettrico,JM,1 su- 1,Bassano Del Grappa,FIDAL athlete profile,https://www.fidal.it/atleta/BERTOLDO+Andrea/eK2Rk5OmaWM%3D,endurance,,962.66,1.7,192.0,matched,track_running,RUNNING,5.02,16.0,960.0,20.0,0.02,191.24,,Best same-day Garmin run selected by distance and duration closeness.,41.4,118.44,249.1,524.71,193.53,551.8,1217.69,2528.45,0.0,172.06,366.85,1930.06,8.15,8.29,8.39,,,,,,,,,,70.0,797,MAINTAINING,960,2039,,"No race-specific injury note found in the current vault. A 2026 lower-leg issue is documented, but dates are not precise enough to attach to this race.",,,high
single_athlete_001,2025-09-28,5000 metri - Trieste,5000 metri,5000,954.2,15:54.20,15:54.20,Pista,Elettrico,JM,4 su- 1,Trieste,FIDAL athlete profile,https://www.fidal.it/atleta/BERTOLDO+Andrea/eK2Rk5OmaWM%3D,endurance,,959.98,1.09,190.84,matched,track_running,RUNNING,5.01,15.87,952.2,10.0,-2.0,190.06,,Best same-day Garmin run selected by distance and duration closeness.,52.96,93.0,199.53,484.15,244.56,437.39,919.95,2310.64,0.0,0.0,310.85,1294.62,7.69,7.88,8.01,,,,65.57,66.6,66.6,51.86,51.5,51.5,70.0,640,MAINTAINING,947,2011,,"No race-specific injury note found in the current vault. A 2026 lower-leg issue is documented, but dates are not precise enough to attach to this race.",,,high
single_athlete_001,2026-05-01,3000 metri - Este,3000 metri,3000,551.1,9:11.10,9:11.10,Pista,Elettrico,JM,11 se- 1,Este,FIDAL athlete profile,https://www.fidal.it/atleta/BERTOLDO+Andrea/eK2Rk5OmaWM%3D,endurance,,546.25,0.89,183.7,matched,running,RUNNING,3.0,9.18,550.8,0.0,-0.3,183.6,,Best same-day Garmin run selected by distance and duration closeness.,42.28,88.25,165.75,273.92,192.59,417.29,779.25,1272.34,232.4,607.56,580.0,1945.87,7.39,7.82,7.83,,,,61.29,61.77,59.33,55.0,55.85,56.19,67.0,877,MAINTAINING,987,2121,,"No race-specific injury note found in the current vault. A 2026 lower-leg issue is documented, but dates are not precise enough to attach to this race.",,,high
single_athlete_001,2026-05-17,5000 metri - Conegliano,5000 metri,5000,954.63,15:54.63,15:54.63,Pista,Elettrico,JM,2 se- 2,Conegliano,FIDAL athlete profile,https://www.fidal.it/atleta/BERTOLDO+Andrea/eK2Rk5OmaWM%3D,endurance,,954.2,1.13,190.93,matched,track_running,RUNNING,5.03,15.88,952.8,30.0,-1.83,189.42,,Best same-day Garmin run selected by distance and duration closeness.,42.12,95.08,177.35,326.6,202.41,448.53,822.92,1516.98,64.52,538.6,405.51,2015.11,8.19,8.06,7.98,,,,61.43,61.36,61.52,52.0,52.43,53.56,67.0,633,RECOVERY,993,2122,,"No race-specific injury note found in the current vault. A 2026 lower-leg issue is documented, but dates are not precise enough to attach to this race.",,,high
single_athlete_001,2026-05-30,5000 metri - Borgo Valbelluna,5000 metri,5000,943.94,15:43.94,15:43.94,Pista,Elettrico,JM,1 se- 2,Borgo Valbelluna,FIDAL athlete profile,https://www.fidal.it/atleta/BERTOLDO+Andrea/eK2Rk5OmaWM%3D,endurance,,954.2,0.0,188.79,matched,track_running,RUNNING,5.01,15.7,942.0,10.0,-1.94,188.02,,Best same-day Garmin run selected by distance and duration closeness.,35.63,86.7,175.06,340.98,166.66,402.95,817.09,1589.64,158.61,489.21,471.59,1920.73,7.71,7.93,7.98,,,,61.86,61.69,61.41,52.86,52.77,52.67,68.0,751,MAINTAINING,938,2024,,"No race-specific injury note found in the current vault. A 2026 lower-leg issue is documented, but dates are not precise enough to attach to this race.",,,high
