source_image,metric_type,date,estimated_value,unit,extraction_confidence,y_axis_scale_available,notes
IMG_6391.PNG,RHR,2025-06-13,48.6,bpm,medium,yes,"Digitized from Garmin annual heart-rate graph; blue series is weekly resting-heart-rate average, not a daily exact RHR value."
IMG_6391.PNG,RHR,2025-06-20,46.8,bpm,medium,yes,"Digitized from Garmin annual heart-rate graph; blue series is weekly resting-heart-rate average, not a daily exact RHR value."
IMG_6391.PNG,RHR,2025-06-27,46.0,bpm,medium,yes,"Digitized from Garmin annual heart-rate graph; blue series is weekly resting-heart-rate average, not a daily exact RHR value."
IMG_6391.PNG,RHR,2025-07-04,47.4,bpm,medium,yes,"Digitized from Garmin annual heart-rate graph; blue series is weekly resting-heart-rate average, not a daily exact RHR value."
IMG_6391.PNG,RHR,2025-07-11,46.8,bpm,medium,yes,"Digitized from Garmin annual heart-rate graph; blue series is weekly resting-heart-rate average, not a daily exact RHR value."
IMG_6391.PNG,RHR,2025-07-18,46.6,bpm,medium,yes,"Digitized from Garmin annual heart-rate graph; blue series is weekly resting-heart-rate average, not a daily exact RHR value."
IMG_6391.PNG,RHR,2025-07-25,45.7,bpm,medium,yes,"Digitized from Garmin annual heart-rate graph; blue series is weekly resting-heart-rate average, not a daily exact RHR value."
IMG_6391.PNG,RHR,2025-08-01,46.3,bpm,medium,yes,"Digitized from Garmin annual heart-rate graph; blue series is weekly resting-heart-rate average, not a daily exact RHR value."
IMG_6391.PNG,RHR,2025-08-08,48.6,bpm,medium,yes,"Digitized from Garmin annual heart-rate graph; blue series is weekly resting-heart-rate average, not a daily exact RHR value."
IMG_6391.PNG,RHR,2025-08-15,47.7,bpm,medium,yes,"Digitized from Garmin annual heart-rate graph; blue series is weekly resting-heart-rate average, not a daily exact RHR value."
IMG_6391.PNG,RHR,2025-08-22,47.1,bpm,medium,yes,"Digitized from Garmin annual heart-rate graph; blue series is weekly resting-heart-rate average, not a daily exact RHR value."
IMG_6391.PNG,RHR,2025-08-29,45.7,bpm,medium,yes,"Digitized from Garmin annual heart-rate graph; blue series is weekly resting-heart-rate average, not a daily exact RHR value."
IMG_6391.PNG,RHR,2025-09-05,45.1,bpm,medium,yes,"Digitized from Garmin annual heart-rate graph; blue series is weekly resting-heart-rate average, not a daily exact RHR value."
IMG_6391.PNG,RHR,2025-09-12,44.0,bpm,medium,yes,"Digitized from Garmin annual heart-rate graph; blue series is weekly resting-heart-rate average, not a daily exact RHR value."
IMG_6391.PNG,RHR,2025-09-19,45.4,bpm,medium,yes,"Digitized from Garmin annual heart-rate graph; blue series is weekly resting-heart-rate average, not a daily exact RHR value."
IMG_6391.PNG,RHR,2025-09-26,47.1,bpm,medium,yes,"Digitized from Garmin annual heart-rate graph; blue series is weekly resting-heart-rate average, not a daily exact RHR value."
IMG_6391.PNG,RHR,2025-10-03,47.7,bpm,medium,yes,"Digitized from Garmin annual heart-rate graph; blue series is weekly resting-heart-rate average, not a daily exact RHR value."
IMG_6391.PNG,RHR,2025-10-10,47.1,bpm,medium,yes,"Digitized from Garmin annual heart-rate graph; blue series is weekly resting-heart-rate average, not a daily exact RHR value."
IMG_6391.PNG,RHR,2025-10-17,46.0,bpm,medium,yes,"Digitized from Garmin annual heart-rate graph; blue series is weekly resting-heart-rate average, not a daily exact RHR value."
IMG_6391.PNG,RHR,2025-10-24,46.8,bpm,medium,yes,"Digitized from Garmin annual heart-rate graph; blue series is weekly resting-heart-rate average, not a daily exact RHR value."
IMG_6391.PNG,RHR,2025-10-31,47.1,bpm,medium,yes,"Digitized from Garmin annual heart-rate graph; blue series is weekly resting-heart-rate average, not a daily exact RHR value."
IMG_6391.PNG,RHR,2025-11-07,48.0,bpm,medium,yes,"Digitized from Garmin annual heart-rate graph; blue series is weekly resting-heart-rate average, not a daily exact RHR value."
IMG_6391.PNG,RHR,2025-11-14,49.1,bpm,medium,yes,"Digitized from Garmin annual heart-rate graph; blue series is weekly resting-heart-rate average, not a daily exact RHR value."
IMG_6391.PNG,RHR,2025-11-21,49.4,bpm,medium,yes,"Digitized from Garmin annual heart-rate graph; blue series is weekly resting-heart-rate average, not a daily exact RHR value."
IMG_6391.PNG,RHR,2025-11-28,49.1,bpm,medium,yes,"Digitized from Garmin annual heart-rate graph; blue series is weekly resting-heart-rate average, not a daily exact RHR value."
IMG_6391.PNG,RHR,2025-12-05,49.7,bpm,medium,yes,"Digitized from Garmin annual heart-rate graph; blue series is weekly resting-heart-rate average, not a daily exact RHR value."
IMG_6391.PNG,RHR,2025-12-12,49.4,bpm,medium,yes,"Digitized from Garmin annual heart-rate graph; blue series is weekly resting-heart-rate average, not a daily exact RHR value."
IMG_6391.PNG,RHR,2025-12-19,48.6,bpm,medium,yes,"Digitized from Garmin annual heart-rate graph; blue series is weekly resting-heart-rate average, not a daily exact RHR value."
IMG_6391.PNG,RHR,2025-12-26,47.4,bpm,medium,yes,"Digitized from Garmin annual heart-rate graph; blue series is weekly resting-heart-rate average, not a daily exact RHR value."
IMG_6391.PNG,RHR,2026-01-02,48.6,bpm,medium,yes,"Digitized from Garmin annual heart-rate graph; blue series is weekly resting-heart-rate average, not a daily exact RHR value."
IMG_6391.PNG,RHR,2026-01-09,51.1,bpm,medium,yes,"Digitized from Garmin annual heart-rate graph; blue series is weekly resting-heart-rate average, not a daily exact RHR value."
IMG_6391.PNG,RHR,2026-01-16,53.4,bpm,medium,yes,"Digitized from Garmin annual heart-rate graph; blue series is weekly resting-heart-rate average, not a daily exact RHR value."
IMG_6391.PNG,RHR,2026-01-23,54.0,bpm,medium,yes,"Digitized from Garmin annual heart-rate graph; blue series is weekly resting-heart-rate average, not a daily exact RHR value."
IMG_6391.PNG,RHR,2026-01-30,52.5,bpm,medium,yes,"Digitized from Garmin annual heart-rate graph; blue series is weekly resting-heart-rate average, not a daily exact RHR value."
IMG_6391.PNG,RHR,2026-02-06,53.1,bpm,medium,yes,"Digitized from Garmin annual heart-rate graph; blue series is weekly resting-heart-rate average, not a daily exact RHR value."
IMG_6391.PNG,RHR,2026-02-13,52.8,bpm,medium,yes,"Digitized from Garmin annual heart-rate graph; blue series is weekly resting-heart-rate average, not a daily exact RHR value."
IMG_6391.PNG,RHR,2026-02-20,53.4,bpm,medium,yes,"Digitized from Garmin annual heart-rate graph; blue series is weekly resting-heart-rate average, not a daily exact RHR value."
IMG_6391.PNG,RHR,2026-02-27,51.4,bpm,medium,yes,"Digitized from Garmin annual heart-rate graph; blue series is weekly resting-heart-rate average, not a daily exact RHR value."
IMG_6391.PNG,RHR,2026-03-06,49.7,bpm,medium,yes,"Digitized from Garmin annual heart-rate graph; blue series is weekly resting-heart-rate average, not a daily exact RHR value."
IMG_6391.PNG,RHR,2026-03-13,50.3,bpm,medium,yes,"Digitized from Garmin annual heart-rate graph; blue series is weekly resting-heart-rate average, not a daily exact RHR value."
IMG_6391.PNG,RHR,2026-03-20,49.7,bpm,medium,yes,"Digitized from Garmin annual heart-rate graph; blue series is weekly resting-heart-rate average, not a daily exact RHR value."
IMG_6391.PNG,RHR,2026-03-27,49.4,bpm,medium,yes,"Digitized from Garmin annual heart-rate graph; blue series is weekly resting-heart-rate average, not a daily exact RHR value."
IMG_6391.PNG,RHR,2026-04-03,49.7,bpm,medium,yes,"Digitized from Garmin annual heart-rate graph; blue series is weekly resting-heart-rate average, not a daily exact RHR value."
IMG_6391.PNG,RHR,2026-04-10,49.1,bpm,medium,yes,"Digitized from Garmin annual heart-rate graph; blue series is weekly resting-heart-rate average, not a daily exact RHR value."
IMG_6391.PNG,RHR,2026-04-17,47.7,bpm,medium,yes,"Digitized from Garmin annual heart-rate graph; blue series is weekly resting-heart-rate average, not a daily exact RHR value."
IMG_6391.PNG,RHR,2026-04-24,46.8,bpm,medium,yes,"Digitized from Garmin annual heart-rate graph; blue series is weekly resting-heart-rate average, not a daily exact RHR value."
IMG_6391.PNG,RHR,2026-05-01,46.8,bpm,medium,yes,"Digitized from Garmin annual heart-rate graph; blue series is weekly resting-heart-rate average, not a daily exact RHR value."
IMG_6391.PNG,RHR,2026-05-08,46.8,bpm,medium,yes,"Digitized from Garmin annual heart-rate graph; blue series is weekly resting-heart-rate average, not a daily exact RHR value."
IMG_6391.PNG,RHR,2026-05-15,47.4,bpm,medium,yes,"Digitized from Garmin annual heart-rate graph; blue series is weekly resting-heart-rate average, not a daily exact RHR value."
IMG_6391.PNG,RHR,2026-05-22,46.3,bpm,medium,yes,"Digitized from Garmin annual heart-rate graph; blue series is weekly resting-heart-rate average, not a daily exact RHR value."
IMG_6392.PNG,RHR,2025-06-13,48.6,bpm,medium,yes,"Digitized from Garmin annual heart-rate graph; blue series is weekly resting-heart-rate average, not a daily exact RHR value."
IMG_6392.PNG,RHR,2025-06-20,46.8,bpm,medium,yes,"Digitized from Garmin annual heart-rate graph; blue series is weekly resting-heart-rate average, not a daily exact RHR value."
IMG_6392.PNG,RHR,2025-06-27,46.0,bpm,medium,yes,"Digitized from Garmin annual heart-rate graph; blue series is weekly resting-heart-rate average, not a daily exact RHR value."
IMG_6392.PNG,RHR,2025-07-04,47.4,bpm,medium,yes,"Digitized from Garmin annual heart-rate graph; blue series is weekly resting-heart-rate average, not a daily exact RHR value."
IMG_6392.PNG,RHR,2025-07-11,46.8,bpm,medium,yes,"Digitized from Garmin annual heart-rate graph; blue series is weekly resting-heart-rate average, not a daily exact RHR value."
IMG_6392.PNG,RHR,2025-07-18,46.6,bpm,medium,yes,"Digitized from Garmin annual heart-rate graph; blue series is weekly resting-heart-rate average, not a daily exact RHR value."
IMG_6392.PNG,RHR,2025-07-25,45.7,bpm,medium,yes,"Digitized from Garmin annual heart-rate graph; blue series is weekly resting-heart-rate average, not a daily exact RHR value."
IMG_6392.PNG,RHR,2025-08-01,46.3,bpm,medium,yes,"Digitized from Garmin annual heart-rate graph; blue series is weekly resting-heart-rate average, not a daily exact RHR value."
IMG_6392.PNG,RHR,2025-08-08,48.6,bpm,medium,yes,"Digitized from Garmin annual heart-rate graph; blue series is weekly resting-heart-rate average, not a daily exact RHR value."
IMG_6392.PNG,RHR,2025-08-15,47.7,bpm,medium,yes,"Digitized from Garmin annual heart-rate graph; blue series is weekly resting-heart-rate average, not a daily exact RHR value."
IMG_6392.PNG,RHR,2025-08-22,47.1,bpm,medium,yes,"Digitized from Garmin annual heart-rate graph; blue series is weekly resting-heart-rate average, not a daily exact RHR value."
IMG_6392.PNG,RHR,2025-08-29,45.7,bpm,medium,yes,"Digitized from Garmin annual heart-rate graph; blue series is weekly resting-heart-rate average, not a daily exact RHR value."
IMG_6392.PNG,RHR,2025-09-05,45.1,bpm,medium,yes,"Digitized from Garmin annual heart-rate graph; blue series is weekly resting-heart-rate average, not a daily exact RHR value."
IMG_6392.PNG,RHR,2025-09-12,44.0,bpm,medium,yes,"Digitized from Garmin annual heart-rate graph; blue series is weekly resting-heart-rate average, not a daily exact RHR value."
IMG_6392.PNG,RHR,2025-09-19,45.4,bpm,medium,yes,"Digitized from Garmin annual heart-rate graph; blue series is weekly resting-heart-rate average, not a daily exact RHR value."
IMG_6392.PNG,RHR,2025-09-26,47.1,bpm,medium,yes,"Digitized from Garmin annual heart-rate graph; blue series is weekly resting-heart-rate average, not a daily exact RHR value."
IMG_6392.PNG,RHR,2025-10-03,47.7,bpm,medium,yes,"Digitized from Garmin annual heart-rate graph; blue series is weekly resting-heart-rate average, not a daily exact RHR value."
IMG_6392.PNG,RHR,2025-10-10,47.1,bpm,medium,yes,"Digitized from Garmin annual heart-rate graph; blue series is weekly resting-heart-rate average, not a daily exact RHR value."
IMG_6392.PNG,RHR,2025-10-17,46.0,bpm,medium,yes,"Digitized from Garmin annual heart-rate graph; blue series is weekly resting-heart-rate average, not a daily exact RHR value."
IMG_6392.PNG,RHR,2025-10-24,46.8,bpm,medium,yes,"Digitized from Garmin annual heart-rate graph; blue series is weekly resting-heart-rate average, not a daily exact RHR value."
IMG_6392.PNG,RHR,2025-10-31,47.1,bpm,medium,yes,"Digitized from Garmin annual heart-rate graph; blue series is weekly resting-heart-rate average, not a daily exact RHR value."
IMG_6392.PNG,RHR,2025-11-07,48.0,bpm,medium,yes,"Digitized from Garmin annual heart-rate graph; blue series is weekly resting-heart-rate average, not a daily exact RHR value."
IMG_6392.PNG,RHR,2025-11-14,49.1,bpm,medium,yes,"Digitized from Garmin annual heart-rate graph; blue series is weekly resting-heart-rate average, not a daily exact RHR value."
IMG_6392.PNG,RHR,2025-11-21,49.4,bpm,medium,yes,"Digitized from Garmin annual heart-rate graph; blue series is weekly resting-heart-rate average, not a daily exact RHR value."
IMG_6392.PNG,RHR,2025-11-28,49.1,bpm,medium,yes,"Digitized from Garmin annual heart-rate graph; blue series is weekly resting-heart-rate average, not a daily exact RHR value."
IMG_6392.PNG,RHR,2025-12-05,49.7,bpm,medium,yes,"Digitized from Garmin annual heart-rate graph; blue series is weekly resting-heart-rate average, not a daily exact RHR value."
IMG_6392.PNG,RHR,2025-12-12,49.4,bpm,medium,yes,"Digitized from Garmin annual heart-rate graph; blue series is weekly resting-heart-rate average, not a daily exact RHR value."
IMG_6392.PNG,RHR,2025-12-19,48.6,bpm,medium,yes,"Digitized from Garmin annual heart-rate graph; blue series is weekly resting-heart-rate average, not a daily exact RHR value."
IMG_6392.PNG,RHR,2025-12-26,47.4,bpm,medium,yes,"Digitized from Garmin annual heart-rate graph; blue series is weekly resting-heart-rate average, not a daily exact RHR value."
IMG_6392.PNG,RHR,2026-01-02,48.6,bpm,medium,yes,"Digitized from Garmin annual heart-rate graph; blue series is weekly resting-heart-rate average, not a daily exact RHR value."
IMG_6392.PNG,RHR,2026-01-09,51.1,bpm,medium,yes,"Digitized from Garmin annual heart-rate graph; blue series is weekly resting-heart-rate average, not a daily exact RHR value."
IMG_6392.PNG,RHR,2026-01-16,53.4,bpm,medium,yes,"Digitized from Garmin annual heart-rate graph; blue series is weekly resting-heart-rate average, not a daily exact RHR value."
IMG_6392.PNG,RHR,2026-01-23,54.0,bpm,medium,yes,"Digitized from Garmin annual heart-rate graph; blue series is weekly resting-heart-rate average, not a daily exact RHR value."
IMG_6392.PNG,RHR,2026-01-30,52.5,bpm,medium,yes,"Digitized from Garmin annual heart-rate graph; blue series is weekly resting-heart-rate average, not a daily exact RHR value."
IMG_6392.PNG,RHR,2026-02-06,53.1,bpm,medium,yes,"Digitized from Garmin annual heart-rate graph; blue series is weekly resting-heart-rate average, not a daily exact RHR value."
IMG_6392.PNG,RHR,2026-02-13,52.8,bpm,medium,yes,"Digitized from Garmin annual heart-rate graph; blue series is weekly resting-heart-rate average, not a daily exact RHR value."
IMG_6392.PNG,RHR,2026-02-20,53.4,bpm,medium,yes,"Digitized from Garmin annual heart-rate graph; blue series is weekly resting-heart-rate average, not a daily exact RHR value."
IMG_6392.PNG,RHR,2026-02-27,51.4,bpm,medium,yes,"Digitized from Garmin annual heart-rate graph; blue series is weekly resting-heart-rate average, not a daily exact RHR value."
IMG_6392.PNG,RHR,2026-03-06,49.7,bpm,medium,yes,"Digitized from Garmin annual heart-rate graph; blue series is weekly resting-heart-rate average, not a daily exact RHR value."
IMG_6392.PNG,RHR,2026-03-13,50.3,bpm,medium,yes,"Digitized from Garmin annual heart-rate graph; blue series is weekly resting-heart-rate average, not a daily exact RHR value."
IMG_6392.PNG,RHR,2026-03-20,49.7,bpm,medium,yes,"Digitized from Garmin annual heart-rate graph; blue series is weekly resting-heart-rate average, not a daily exact RHR value."
IMG_6392.PNG,RHR,2026-03-27,49.4,bpm,medium,yes,"Digitized from Garmin annual heart-rate graph; blue series is weekly resting-heart-rate average, not a daily exact RHR value."
IMG_6392.PNG,RHR,2026-04-03,49.7,bpm,medium,yes,"Digitized from Garmin annual heart-rate graph; blue series is weekly resting-heart-rate average, not a daily exact RHR value."
IMG_6392.PNG,RHR,2026-04-10,49.1,bpm,medium,yes,"Digitized from Garmin annual heart-rate graph; blue series is weekly resting-heart-rate average, not a daily exact RHR value."
IMG_6392.PNG,RHR,2026-04-17,47.7,bpm,medium,yes,"Digitized from Garmin annual heart-rate graph; blue series is weekly resting-heart-rate average, not a daily exact RHR value."
IMG_6392.PNG,RHR,2026-04-24,46.8,bpm,medium,yes,"Digitized from Garmin annual heart-rate graph; blue series is weekly resting-heart-rate average, not a daily exact RHR value."
IMG_6392.PNG,RHR,2026-05-01,46.8,bpm,medium,yes,"Digitized from Garmin annual heart-rate graph; blue series is weekly resting-heart-rate average, not a daily exact RHR value."
IMG_6392.PNG,RHR,2026-05-08,46.8,bpm,medium,yes,"Digitized from Garmin annual heart-rate graph; blue series is weekly resting-heart-rate average, not a daily exact RHR value."
IMG_6392.PNG,RHR,2026-05-15,47.4,bpm,medium,yes,"Digitized from Garmin annual heart-rate graph; blue series is weekly resting-heart-rate average, not a daily exact RHR value."
IMG_6392.PNG,RHR,2026-05-22,46.3,bpm,medium,yes,"Digitized from Garmin annual heart-rate graph; blue series is weekly resting-heart-rate average, not a daily exact RHR value."
IMG_6393.PNG,RHR,2024-06-14,50.0,bpm,medium,yes,"Digitized from Garmin annual heart-rate graph; blue series is weekly resting-heart-rate average, not a daily exact RHR value."
IMG_6393.PNG,RHR,2024-06-21,48.7,bpm,medium,yes,"Digitized from Garmin annual heart-rate graph; blue series is weekly resting-heart-rate average, not a daily exact RHR value."
IMG_6393.PNG,RHR,2024-06-28,47.4,bpm,medium,yes,"Digitized from Garmin annual heart-rate graph; blue series is weekly resting-heart-rate average, not a daily exact RHR value."
IMG_6393.PNG,RHR,2024-07-05,49.0,bpm,medium,yes,"Digitized from Garmin annual heart-rate graph; blue series is weekly resting-heart-rate average, not a daily exact RHR value."
IMG_6393.PNG,RHR,2024-07-12,49.8,bpm,medium,yes,"Digitized from Garmin annual heart-rate graph; blue series is weekly resting-heart-rate average, not a daily exact RHR value."
IMG_6393.PNG,RHR,2024-07-19,49.0,bpm,medium,yes,"Digitized from Garmin annual heart-rate graph; blue series is weekly resting-heart-rate average, not a daily exact RHR value."
IMG_6393.PNG,RHR,2024-07-26,47.9,bpm,medium,yes,"Digitized from Garmin annual heart-rate graph; blue series is weekly resting-heart-rate average, not a daily exact RHR value."
IMG_6393.PNG,RHR,2024-08-02,48.4,bpm,medium,yes,"Digitized from Garmin annual heart-rate graph; blue series is weekly resting-heart-rate average, not a daily exact RHR value."
IMG_6393.PNG,RHR,2024-08-09,50.8,bpm,medium,yes,"Digitized from Garmin annual heart-rate graph; blue series is weekly resting-heart-rate average, not a daily exact RHR value."
IMG_6393.PNG,RHR,2024-08-16,50.0,bpm,medium,yes,"Digitized from Garmin annual heart-rate graph; blue series is weekly resting-heart-rate average, not a daily exact RHR value."
IMG_6393.PNG,RHR,2024-08-23,48.7,bpm,medium,yes,"Digitized from Garmin annual heart-rate graph; blue series is weekly resting-heart-rate average, not a daily exact RHR value."
IMG_6393.PNG,RHR,2024-08-30,47.6,bpm,medium,yes,"Digitized from Garmin annual heart-rate graph; blue series is weekly resting-heart-rate average, not a daily exact RHR value."
IMG_6393.PNG,RHR,2024-09-06,47.1,bpm,medium,yes,"Digitized from Garmin annual heart-rate graph; blue series is weekly resting-heart-rate average, not a daily exact RHR value."
IMG_6393.PNG,RHR,2024-09-13,48.2,bpm,medium,yes,"Digitized from Garmin annual heart-rate graph; blue series is weekly resting-heart-rate average, not a daily exact RHR value."
IMG_6393.PNG,RHR,2024-09-20,49.0,bpm,medium,yes,"Digitized from Garmin annual heart-rate graph; blue series is weekly resting-heart-rate average, not a daily exact RHR value."
IMG_6393.PNG,RHR,2024-09-27,49.0,bpm,medium,yes,"Digitized from Garmin annual heart-rate graph; blue series is weekly resting-heart-rate average, not a daily exact RHR value."
IMG_6393.PNG,RHR,2024-10-04,48.7,bpm,medium,yes,"Digitized from Garmin annual heart-rate graph; blue series is weekly resting-heart-rate average, not a daily exact RHR value."
IMG_6393.PNG,RHR,2024-10-11,48.2,bpm,medium,yes,"Digitized from Garmin annual heart-rate graph; blue series is weekly resting-heart-rate average, not a daily exact RHR value."
IMG_6393.PNG,RHR,2024-10-18,49.0,bpm,medium,yes,"Digitized from Garmin annual heart-rate graph; blue series is weekly resting-heart-rate average, not a daily exact RHR value."
IMG_6393.PNG,RHR,2024-10-25,49.2,bpm,medium,yes,"Digitized from Garmin annual heart-rate graph; blue series is weekly resting-heart-rate average, not a daily exact RHR value."
IMG_6393.PNG,RHR,2024-11-01,50.0,bpm,medium,yes,"Digitized from Garmin annual heart-rate graph; blue series is weekly resting-heart-rate average, not a daily exact RHR value."
IMG_6393.PNG,RHR,2024-11-08,50.3,bpm,medium,yes,"Digitized from Garmin annual heart-rate graph; blue series is weekly resting-heart-rate average, not a daily exact RHR value."
IMG_6393.PNG,RHR,2024-11-15,50.8,bpm,medium,yes,"Digitized from Garmin annual heart-rate graph; blue series is weekly resting-heart-rate average, not a daily exact RHR value."
IMG_6393.PNG,RHR,2024-11-22,49.8,bpm,medium,yes,"Digitized from Garmin annual heart-rate graph; blue series is weekly resting-heart-rate average, not a daily exact RHR value."
IMG_6393.PNG,RHR,2024-11-29,49.8,bpm,medium,yes,"Digitized from Garmin annual heart-rate graph; blue series is weekly resting-heart-rate average, not a daily exact RHR value."
IMG_6393.PNG,RHR,2024-12-06,50.8,bpm,medium,yes,"Digitized from Garmin annual heart-rate graph; blue series is weekly resting-heart-rate average, not a daily exact RHR value."
IMG_6393.PNG,RHR,2024-12-13,50.0,bpm,medium,yes,"Digitized from Garmin annual heart-rate graph; blue series is weekly resting-heart-rate average, not a daily exact RHR value."
IMG_6393.PNG,RHR,2024-12-20,50.0,bpm,medium,yes,"Digitized from Garmin annual heart-rate graph; blue series is weekly resting-heart-rate average, not a daily exact RHR value."
IMG_6393.PNG,RHR,2024-12-27,49.8,bpm,medium,yes,"Digitized from Garmin annual heart-rate graph; blue series is weekly resting-heart-rate average, not a daily exact RHR value."
IMG_6393.PNG,RHR,2025-01-03,49.8,bpm,medium,yes,"Digitized from Garmin annual heart-rate graph; blue series is weekly resting-heart-rate average, not a daily exact RHR value."
IMG_6393.PNG,RHR,2025-01-10,50.3,bpm,medium,yes,"Digitized from Garmin annual heart-rate graph; blue series is weekly resting-heart-rate average, not a daily exact RHR value."
IMG_6393.PNG,RHR,2025-01-17,49.0,bpm,medium,yes,"Digitized from Garmin annual heart-rate graph; blue series is weekly resting-heart-rate average, not a daily exact RHR value."
IMG_6393.PNG,RHR,2025-01-24,48.7,bpm,medium,yes,"Digitized from Garmin annual heart-rate graph; blue series is weekly resting-heart-rate average, not a daily exact RHR value."
IMG_6393.PNG,RHR,2025-01-31,48.7,bpm,medium,yes,"Digitized from Garmin annual heart-rate graph; blue series is weekly resting-heart-rate average, not a daily exact RHR value."
IMG_6393.PNG,RHR,2025-02-07,49.8,bpm,medium,yes,"Digitized from Garmin annual heart-rate graph; blue series is weekly resting-heart-rate average, not a daily exact RHR value."
IMG_6393.PNG,RHR,2025-02-14,50.0,bpm,medium,yes,"Digitized from Garmin annual heart-rate graph; blue series is weekly resting-heart-rate average, not a daily exact RHR value."
IMG_6393.PNG,RHR,2025-02-21,51.6,bpm,medium,yes,"Digitized from Garmin annual heart-rate graph; blue series is weekly resting-heart-rate average, not a daily exact RHR value."
IMG_6393.PNG,RHR,2025-02-28,50.6,bpm,medium,yes,"Digitized from Garmin annual heart-rate graph; blue series is weekly resting-heart-rate average, not a daily exact RHR value."
IMG_6393.PNG,RHR,2025-03-07,50.8,bpm,medium,yes,"Digitized from Garmin annual heart-rate graph; blue series is weekly resting-heart-rate average, not a daily exact RHR value."
IMG_6393.PNG,RHR,2025-03-14,51.1,bpm,medium,yes,"Digitized from Garmin annual heart-rate graph; blue series is weekly resting-heart-rate average, not a daily exact RHR value."
IMG_6393.PNG,RHR,2025-03-21,50.0,bpm,medium,yes,"Digitized from Garmin annual heart-rate graph; blue series is weekly resting-heart-rate average, not a daily exact RHR value."
IMG_6393.PNG,RHR,2025-03-28,50.6,bpm,medium,yes,"Digitized from Garmin annual heart-rate graph; blue series is weekly resting-heart-rate average, not a daily exact RHR value."
IMG_6393.PNG,RHR,2025-04-04,51.1,bpm,medium,yes,"Digitized from Garmin annual heart-rate graph; blue series is weekly resting-heart-rate average, not a daily exact RHR value."
IMG_6393.PNG,RHR,2025-04-11,51.4,bpm,medium,yes,"Digitized from Garmin annual heart-rate graph; blue series is weekly resting-heart-rate average, not a daily exact RHR value."
IMG_6393.PNG,RHR,2025-04-18,51.9,bpm,medium,yes,"Digitized from Garmin annual heart-rate graph; blue series is weekly resting-heart-rate average, not a daily exact RHR value."
IMG_6393.PNG,RHR,2025-04-25,51.4,bpm,medium,yes,"Digitized from Garmin annual heart-rate graph; blue series is weekly resting-heart-rate average, not a daily exact RHR value."
IMG_6393.PNG,RHR,2025-05-02,50.6,bpm,medium,yes,"Digitized from Garmin annual heart-rate graph; blue series is weekly resting-heart-rate average, not a daily exact RHR value."
IMG_6393.PNG,RHR,2025-05-09,50.6,bpm,medium,yes,"Digitized from Garmin annual heart-rate graph; blue series is weekly resting-heart-rate average, not a daily exact RHR value."
IMG_6393.PNG,RHR,2025-05-16,51.1,bpm,medium,yes,"Digitized from Garmin annual heart-rate graph; blue series is weekly resting-heart-rate average, not a daily exact RHR value."
IMG_6393.PNG,RHR,2025-05-23,49.8,bpm,medium,yes,"Digitized from Garmin annual heart-rate graph; blue series is weekly resting-heart-rate average, not a daily exact RHR value."
IMG_6394.PNG,RHR,2023-06-16,52.4,bpm,medium,yes,"Digitized from Garmin annual heart-rate graph; blue series is weekly resting-heart-rate average, not a daily exact RHR value."
IMG_6394.PNG,RHR,2023-06-23,52.4,bpm,medium,yes,"Digitized from Garmin annual heart-rate graph; blue series is weekly resting-heart-rate average, not a daily exact RHR value."
IMG_6394.PNG,RHR,2023-06-30,52.4,bpm,medium,yes,"Digitized from Garmin annual heart-rate graph; blue series is weekly resting-heart-rate average, not a daily exact RHR value."
IMG_6394.PNG,RHR,2023-07-07,52.6,bpm,medium,yes,"Digitized from Garmin annual heart-rate graph; blue series is weekly resting-heart-rate average, not a daily exact RHR value."
IMG_6394.PNG,RHR,2023-07-14,52.6,bpm,medium,yes,"Digitized from Garmin annual heart-rate graph; blue series is weekly resting-heart-rate average, not a daily exact RHR value."
IMG_6394.PNG,RHR,2023-07-21,49.5,bpm,medium,yes,"Digitized from Garmin annual heart-rate graph; blue series is weekly resting-heart-rate average, not a daily exact RHR value."
IMG_6394.PNG,RHR,2023-07-28,49.5,bpm,medium,yes,"Digitized from Garmin annual heart-rate graph; blue series is weekly resting-heart-rate average, not a daily exact RHR value."
IMG_6394.PNG,RHR,2023-08-04,51.8,bpm,medium,yes,"Digitized from Garmin annual heart-rate graph; blue series is weekly resting-heart-rate average, not a daily exact RHR value."
IMG_6394.PNG,RHR,2023-08-11,54.5,bpm,medium,yes,"Digitized from Garmin annual heart-rate graph; blue series is weekly resting-heart-rate average, not a daily exact RHR value."
IMG_6394.PNG,RHR,2023-08-18,50.3,bpm,medium,yes,"Digitized from Garmin annual heart-rate graph; blue series is weekly resting-heart-rate average, not a daily exact RHR value."
IMG_6394.PNG,RHR,2023-08-25,48.7,bpm,medium,yes,"Digitized from Garmin annual heart-rate graph; blue series is weekly resting-heart-rate average, not a daily exact RHR value."
IMG_6394.PNG,RHR,2023-09-01,50.5,bpm,medium,yes,"Digitized from Garmin annual heart-rate graph; blue series is weekly resting-heart-rate average, not a daily exact RHR value."
IMG_6394.PNG,RHR,2023-09-08,51.1,bpm,medium,yes,"Digitized from Garmin annual heart-rate graph; blue series is weekly resting-heart-rate average, not a daily exact RHR value."
IMG_6394.PNG,RHR,2023-09-15,50.3,bpm,medium,yes,"Digitized from Garmin annual heart-rate graph; blue series is weekly resting-heart-rate average, not a daily exact RHR value."
IMG_6394.PNG,RHR,2023-09-22,49.5,bpm,medium,yes,"Digitized from Garmin annual heart-rate graph; blue series is weekly resting-heart-rate average, not a daily exact RHR value."
IMG_6394.PNG,RHR,2023-09-29,51.3,bpm,medium,yes,"Digitized from Garmin annual heart-rate graph; blue series is weekly resting-heart-rate average, not a daily exact RHR value."
IMG_6394.PNG,RHR,2023-10-06,51.1,bpm,medium,yes,"Digitized from Garmin annual heart-rate graph; blue series is weekly resting-heart-rate average, not a daily exact RHR value."
IMG_6394.PNG,RHR,2023-10-13,50.5,bpm,medium,yes,"Digitized from Garmin annual heart-rate graph; blue series is weekly resting-heart-rate average, not a daily exact RHR value."
IMG_6394.PNG,RHR,2023-10-20,51.6,bpm,medium,yes,"Digitized from Garmin annual heart-rate graph; blue series is weekly resting-heart-rate average, not a daily exact RHR value."
IMG_6394.PNG,RHR,2023-10-27,52.1,bpm,medium,yes,"Digitized from Garmin annual heart-rate graph; blue series is weekly resting-heart-rate average, not a daily exact RHR value."
IMG_6394.PNG,RHR,2023-11-03,51.8,bpm,medium,yes,"Digitized from Garmin annual heart-rate graph; blue series is weekly resting-heart-rate average, not a daily exact RHR value."
IMG_6394.PNG,RHR,2023-11-10,53.2,bpm,medium,yes,"Digitized from Garmin annual heart-rate graph; blue series is weekly resting-heart-rate average, not a daily exact RHR value."
IMG_6394.PNG,RHR,2023-11-17,52.4,bpm,medium,yes,"Digitized from Garmin annual heart-rate graph; blue series is weekly resting-heart-rate average, not a daily exact RHR value."
IMG_6394.PNG,RHR,2023-11-24,50.3,bpm,medium,yes,"Digitized from Garmin annual heart-rate graph; blue series is weekly resting-heart-rate average, not a daily exact RHR value."
IMG_6394.PNG,RHR,2023-12-01,53.2,bpm,medium,yes,"Digitized from Garmin annual heart-rate graph; blue series is weekly resting-heart-rate average, not a daily exact RHR value."
IMG_6394.PNG,RHR,2023-12-08,53.2,bpm,medium,yes,"Digitized from Garmin annual heart-rate graph; blue series is weekly resting-heart-rate average, not a daily exact RHR value."
IMG_6394.PNG,RHR,2023-12-15,53.2,bpm,medium,yes,"Digitized from Garmin annual heart-rate graph; blue series is weekly resting-heart-rate average, not a daily exact RHR value."
IMG_6394.PNG,RHR,2023-12-22,53.2,bpm,medium,yes,"Digitized from Garmin annual heart-rate graph; blue series is weekly resting-heart-rate average, not a daily exact RHR value."
IMG_6394.PNG,RHR,2023-12-29,52.4,bpm,medium,yes,"Digitized from Garmin annual heart-rate graph; blue series is weekly resting-heart-rate average, not a daily exact RHR value."
IMG_6394.PNG,RHR,2024-01-05,50.5,bpm,medium,yes,"Digitized from Garmin annual heart-rate graph; blue series is weekly resting-heart-rate average, not a daily exact RHR value."
IMG_6394.PNG,RHR,2024-01-12,51.6,bpm,medium,yes,"Digitized from Garmin annual heart-rate graph; blue series is weekly resting-heart-rate average, not a daily exact RHR value."
IMG_6394.PNG,RHR,2024-01-19,52.6,bpm,medium,yes,"Digitized from Garmin annual heart-rate graph; blue series is weekly resting-heart-rate average, not a daily exact RHR value."
IMG_6394.PNG,RHR,2024-01-26,53.4,bpm,medium,yes,"Digitized from Garmin annual heart-rate graph; blue series is weekly resting-heart-rate average, not a daily exact RHR value."
IMG_6394.PNG,RHR,2024-02-02,53.7,bpm,medium,yes,"Digitized from Garmin annual heart-rate graph; blue series is weekly resting-heart-rate average, not a daily exact RHR value."
IMG_6394.PNG,RHR,2024-02-09,52.4,bpm,medium,yes,"Digitized from Garmin annual heart-rate graph; blue series is weekly resting-heart-rate average, not a daily exact RHR value."
IMG_6394.PNG,RHR,2024-02-16,52.6,bpm,medium,yes,"Digitized from Garmin annual heart-rate graph; blue series is weekly resting-heart-rate average, not a daily exact RHR value."
IMG_6394.PNG,RHR,2024-02-23,52.9,bpm,medium,yes,"Digitized from Garmin annual heart-rate graph; blue series is weekly resting-heart-rate average, not a daily exact RHR value."
IMG_6394.PNG,RHR,2024-03-01,52.1,bpm,medium,yes,"Digitized from Garmin annual heart-rate graph; blue series is weekly resting-heart-rate average, not a daily exact RHR value."
IMG_6394.PNG,RHR,2024-03-08,52.1,bpm,medium,yes,"Digitized from Garmin annual heart-rate graph; blue series is weekly resting-heart-rate average, not a daily exact RHR value."
IMG_6394.PNG,RHR,2024-03-15,53.9,bpm,medium,yes,"Digitized from Garmin annual heart-rate graph; blue series is weekly resting-heart-rate average, not a daily exact RHR value."
IMG_6394.PNG,RHR,2024-03-22,52.6,bpm,medium,yes,"Digitized from Garmin annual heart-rate graph; blue series is weekly resting-heart-rate average, not a daily exact RHR value."
IMG_6394.PNG,RHR,2024-03-29,51.1,bpm,medium,yes,"Digitized from Garmin annual heart-rate graph; blue series is weekly resting-heart-rate average, not a daily exact RHR value."
IMG_6394.PNG,RHR,2024-04-05,50.3,bpm,medium,yes,"Digitized from Garmin annual heart-rate graph; blue series is weekly resting-heart-rate average, not a daily exact RHR value."
IMG_6394.PNG,RHR,2024-04-12,50.3,bpm,medium,yes,"Digitized from Garmin annual heart-rate graph; blue series is weekly resting-heart-rate average, not a daily exact RHR value."
IMG_6394.PNG,RHR,2024-04-19,50.3,bpm,medium,yes,"Digitized from Garmin annual heart-rate graph; blue series is weekly resting-heart-rate average, not a daily exact RHR value."
IMG_6394.PNG,RHR,2024-04-26,49.7,bpm,medium,yes,"Digitized from Garmin annual heart-rate graph; blue series is weekly resting-heart-rate average, not a daily exact RHR value."
IMG_6394.PNG,RHR,2024-05-03,50.3,bpm,medium,yes,"Digitized from Garmin annual heart-rate graph; blue series is weekly resting-heart-rate average, not a daily exact RHR value."
IMG_6394.PNG,RHR,2024-05-10,52.4,bpm,medium,yes,"Digitized from Garmin annual heart-rate graph; blue series is weekly resting-heart-rate average, not a daily exact RHR value."
IMG_6394.PNG,RHR,2024-05-17,52.1,bpm,medium,yes,"Digitized from Garmin annual heart-rate graph; blue series is weekly resting-heart-rate average, not a daily exact RHR value."
IMG_6394.PNG,RHR,2024-05-24,51.3,bpm,medium,yes,"Digitized from Garmin annual heart-rate graph; blue series is weekly resting-heart-rate average, not a daily exact RHR value."
IMG_6394.PNG,RHR,2024-05-31,51.3,bpm,medium,yes,"Digitized from Garmin annual heart-rate graph; blue series is weekly resting-heart-rate average, not a daily exact RHR value."
IMG_6395.PNG,RHR,2022-07-15,55.8,bpm,medium,yes,"Digitized from Garmin annual heart-rate graph; blue series is weekly resting-heart-rate average, not a daily exact RHR value."
IMG_6395.PNG,RHR,2022-07-22,50.2,bpm,medium,yes,"Digitized from Garmin annual heart-rate graph; blue series is weekly resting-heart-rate average, not a daily exact RHR value."
IMG_6395.PNG,RHR,2022-07-29,48.3,bpm,medium,yes,"Digitized from Garmin annual heart-rate graph; blue series is weekly resting-heart-rate average, not a daily exact RHR value."
IMG_6395.PNG,RHR,2022-08-05,51.3,bpm,medium,yes,"Digitized from Garmin annual heart-rate graph; blue series is weekly resting-heart-rate average, not a daily exact RHR value."
IMG_6395.PNG,RHR,2022-08-12,53.1,bpm,medium,yes,"Digitized from Garmin annual heart-rate graph; blue series is weekly resting-heart-rate average, not a daily exact RHR value."
IMG_6395.PNG,RHR,2022-08-19,54.4,bpm,medium,yes,"Digitized from Garmin annual heart-rate graph; blue series is weekly resting-heart-rate average, not a daily exact RHR value."
IMG_6395.PNG,RHR,2022-08-26,52.1,bpm,medium,yes,"Digitized from Garmin annual heart-rate graph; blue series is weekly resting-heart-rate average, not a daily exact RHR value."
IMG_6395.PNG,RHR,2022-09-02,51.0,bpm,medium,yes,"Digitized from Garmin annual heart-rate graph; blue series is weekly resting-heart-rate average, not a daily exact RHR value."
IMG_6395.PNG,RHR,2022-09-09,51.5,bpm,medium,yes,"Digitized from Garmin annual heart-rate graph; blue series is weekly resting-heart-rate average, not a daily exact RHR value."
IMG_6395.PNG,RHR,2022-09-16,53.9,bpm,medium,yes,"Digitized from Garmin annual heart-rate graph; blue series is weekly resting-heart-rate average, not a daily exact RHR value."
IMG_6395.PNG,RHR,2022-09-23,54.7,bpm,medium,yes,"Digitized from Garmin annual heart-rate graph; blue series is weekly resting-heart-rate average, not a daily exact RHR value."
IMG_6395.PNG,RHR,2022-09-30,53.4,bpm,medium,yes,"Digitized from Garmin annual heart-rate graph; blue series is weekly resting-heart-rate average, not a daily exact RHR value."
IMG_6395.PNG,RHR,2022-10-07,55.0,bpm,medium,yes,"Digitized from Garmin annual heart-rate graph; blue series is weekly resting-heart-rate average, not a daily exact RHR value."
IMG_6395.PNG,RHR,2022-10-14,55.0,bpm,medium,yes,"Digitized from Garmin annual heart-rate graph; blue series is weekly resting-heart-rate average, not a daily exact RHR value."
IMG_6395.PNG,RHR,2022-10-21,55.5,bpm,medium,yes,"Digitized from Garmin annual heart-rate graph; blue series is weekly resting-heart-rate average, not a daily exact RHR value."
IMG_6395.PNG,RHR,2022-10-28,58.4,bpm,medium,yes,"Digitized from Garmin annual heart-rate graph; blue series is weekly resting-heart-rate average, not a daily exact RHR value."
IMG_6395.PNG,RHR,2022-11-04,56.8,bpm,medium,yes,"Digitized from Garmin annual heart-rate graph; blue series is weekly resting-heart-rate average, not a daily exact RHR value."
IMG_6395.PNG,RHR,2022-11-11,56.6,bpm,medium,yes,"Digitized from Garmin annual heart-rate graph; blue series is weekly resting-heart-rate average, not a daily exact RHR value."
IMG_6395.PNG,RHR,2022-11-18,56.3,bpm,medium,yes,"Digitized from Garmin annual heart-rate graph; blue series is weekly resting-heart-rate average, not a daily exact RHR value."
IMG_6395.PNG,RHR,2022-11-25,57.9,bpm,medium,yes,"Digitized from Garmin annual heart-rate graph; blue series is weekly resting-heart-rate average, not a daily exact RHR value."
IMG_6395.PNG,RHR,2022-12-02,58.7,bpm,medium,yes,"Digitized from Garmin annual heart-rate graph; blue series is weekly resting-heart-rate average, not a daily exact RHR value."
IMG_6395.PNG,RHR,2022-12-09,57.1,bpm,medium,yes,"Digitized from Garmin annual heart-rate graph; blue series is weekly resting-heart-rate average, not a daily exact RHR value."
IMG_6395.PNG,RHR,2022-12-16,52.6,bpm,medium,yes,"Digitized from Garmin annual heart-rate graph; blue series is weekly resting-heart-rate average, not a daily exact RHR value."
IMG_6395.PNG,RHR,2022-12-23,54.2,bpm,medium,yes,"Digitized from Garmin annual heart-rate graph; blue series is weekly resting-heart-rate average, not a daily exact RHR value."
IMG_6395.PNG,RHR,2022-12-30,57.1,bpm,medium,yes,"Digitized from Garmin annual heart-rate graph; blue series is weekly resting-heart-rate average, not a daily exact RHR value."
IMG_6395.PNG,RHR,2023-01-06,58.7,bpm,medium,yes,"Digitized from Garmin annual heart-rate graph; blue series is weekly resting-heart-rate average, not a daily exact RHR value."
IMG_6395.PNG,RHR,2023-01-13,57.6,bpm,medium,yes,"Digitized from Garmin annual heart-rate graph; blue series is weekly resting-heart-rate average, not a daily exact RHR value."
IMG_6395.PNG,RHR,2023-01-20,56.0,bpm,medium,yes,"Digitized from Garmin annual heart-rate graph; blue series is weekly resting-heart-rate average, not a daily exact RHR value."
IMG_6395.PNG,RHR,2023-01-27,56.0,bpm,medium,yes,"Digitized from Garmin annual heart-rate graph; blue series is weekly resting-heart-rate average, not a daily exact RHR value."
IMG_6395.PNG,RHR,2023-02-03,56.6,bpm,medium,yes,"Digitized from Garmin annual heart-rate graph; blue series is weekly resting-heart-rate average, not a daily exact RHR value."
IMG_6395.PNG,RHR,2023-02-10,55.0,bpm,medium,yes,"Digitized from Garmin annual heart-rate graph; blue series is weekly resting-heart-rate average, not a daily exact RHR value."
IMG_6395.PNG,RHR,2023-02-17,55.5,bpm,medium,yes,"Digitized from Garmin annual heart-rate graph; blue series is weekly resting-heart-rate average, not a daily exact RHR value."
IMG_6395.PNG,RHR,2023-02-24,58.9,bpm,medium,yes,"Digitized from Garmin annual heart-rate graph; blue series is weekly resting-heart-rate average, not a daily exact RHR value."
IMG_6395.PNG,RHR,2023-03-03,58.7,bpm,medium,yes,"Digitized from Garmin annual heart-rate graph; blue series is weekly resting-heart-rate average, not a daily exact RHR value."
IMG_6395.PNG,RHR,2023-03-10,57.9,bpm,medium,yes,"Digitized from Garmin annual heart-rate graph; blue series is weekly resting-heart-rate average, not a daily exact RHR value."
IMG_6395.PNG,RHR,2023-03-17,56.8,bpm,medium,yes,"Digitized from Garmin annual heart-rate graph; blue series is weekly resting-heart-rate average, not a daily exact RHR value."
IMG_6395.PNG,RHR,2023-03-24,55.8,bpm,medium,yes,"Digitized from Garmin annual heart-rate graph; blue series is weekly resting-heart-rate average, not a daily exact RHR value."
IMG_6395.PNG,RHR,2023-03-31,55.5,bpm,medium,yes,"Digitized from Garmin annual heart-rate graph; blue series is weekly resting-heart-rate average, not a daily exact RHR value."
IMG_6395.PNG,RHR,2023-04-07,57.4,bpm,medium,yes,"Digitized from Garmin annual heart-rate graph; blue series is weekly resting-heart-rate average, not a daily exact RHR value."
IMG_6395.PNG,RHR,2023-04-14,55.2,bpm,medium,yes,"Digitized from Garmin annual heart-rate graph; blue series is weekly resting-heart-rate average, not a daily exact RHR value."
IMG_6395.PNG,RHR,2023-04-21,56.6,bpm,medium,yes,"Digitized from Garmin annual heart-rate graph; blue series is weekly resting-heart-rate average, not a daily exact RHR value."
IMG_6395.PNG,RHR,2023-04-28,56.3,bpm,medium,yes,"Digitized from Garmin annual heart-rate graph; blue series is weekly resting-heart-rate average, not a daily exact RHR value."
IMG_6395.PNG,RHR,2023-05-05,56.0,bpm,medium,yes,"Digitized from Garmin annual heart-rate graph; blue series is weekly resting-heart-rate average, not a daily exact RHR value."
IMG_6395.PNG,RHR,2023-05-12,53.4,bpm,medium,yes,"Digitized from Garmin annual heart-rate graph; blue series is weekly resting-heart-rate average, not a daily exact RHR value."
IMG_6395.PNG,RHR,2023-05-19,55.0,bpm,medium,yes,"Digitized from Garmin annual heart-rate graph; blue series is weekly resting-heart-rate average, not a daily exact RHR value."
IMG_6395.PNG,RHR,2023-05-26,54.7,bpm,medium,yes,"Digitized from Garmin annual heart-rate graph; blue series is weekly resting-heart-rate average, not a daily exact RHR value."
IMG_6395.PNG,RHR,2023-06-02,53.1,bpm,medium,yes,"Digitized from Garmin annual heart-rate graph; blue series is weekly resting-heart-rate average, not a daily exact RHR value."
